Order ID,Order Date,Ship Date,Ship Mode,Customer ID,Customer Name,Segment,City,State,Postal Code,Region,Product ID,Category,Sub-Category,Product Name,Sales,Quantity,Discount,Profit,Order Year,Order Month Num,Order Month,Order Quarter,Profit Margin
CA-2025-100000,2025-06-21,2025-06-23,Second Class,CO-28289,Customer 28289,Consumer,Los Angeles,California,90036,West,OFF-ST-10000000,Office Supplies,Storage,Tenex File Box,11.75,1,0.1,3.23,2025,6,June,Q2,0.2749
CA-2025-100001,2025-12-23,2025-12-27,Standard Class,CO-87236,Customer 87236,Consumer,Houston,Texas,77002,Central,OFF-AR-10000001,Office Supplies,Art,Sharpie Highlighter Set,21.07,1,0.5,-5.25,2025,12,December,Q4,-0.2492
CA-2025-100002,2025-11-03,2025-11-06,Standard Class,CO-44671,Customer 44671,Consumer,Phoenix,Arizona,85001,West,OFF-PA-10000002,Office Supplies,Paper,Xerox 228 Premium Copy Paper,241.7,4,0.1,95.39,2025,11,November,Q4,0.3947
CA-2025-100003,2025-09-19,2025-09-21,Standard Class,CO-47930,Customer 47930,Corporate,Seattle,Washington,98103,West,TEC-MA-10000003,Technology,Machines,Dymo LabelWriter 450 Turbo,2939.08,4,0.0,564.62,2025,9,September,Q3,0.1921
CA-2025-100004,2025-03-22,2025-03-24,First Class,CO-89840,Customer 89840,Corporate,Boston,Massachusetts,02108,East,FUR-FU-10000004,Furniture,Furnishings,Luxo Task Lamp,1782.72,3,0.0,577.33,2025,3,March,Q1,0.3238
CA-2025-100005,2025-03-27,2025-03-31,Standard Class,HO-51347,Customer 51347,Home Office,Charlotte,North Carolina,28202,South,FUR-TA-10000005,Furniture,Tables,Beverage Air Work Table,574.69,2,0.3,-122.03,2025,3,March,Q1,-0.2123
CA-2025-100006,2025-01-09,2025-01-11,Second Class,CO-86622,Customer 86622,Corporate,Nashville,Tennessee,37203,South,OFF-AR-10000006,Office Supplies,Art,Sharpie Highlighter Set,12.73,1,0.0,3.83,2025,1,January,Q1,0.3009
CA-2025-100007,2025-12-26,2025-12-30,Standard Class,CO-88104,Customer 88104,Consumer,Charlotte,North Carolina,28202,South,TEC-PH-10000007,Technology,Phones,iPhone 15 Pro Max,2108.78,2,0.0,646.1,2025,12,December,Q4,0.3064
CA-2025-100008,2025-09-04,2025-09-06,Standard Class,CO-44522,Customer 44522,Consumer,New York City,New York,10011,East,TEC-CO-10000008,Technology,Copiers,Brother Multifunction Copier,810.73,1,0.0,92.93,2025,9,September,Q3,0.1146
CA-2025-100009,2025-10-25,2025-10-31,First Class,CO-74042,Customer 74042,Corporate,Los Angeles,California,90036,West,TEC-CO-10000009,Technology,Copiers,Canon ImageClass Laser Copier,633.85,5,0.3,-205.56,2025,10,October,Q4,-0.3243
CA-2025-100010,2025-01-16,2025-01-21,Same Day,CO-26483,Customer 26483,Corporate,Columbus,Ohio,43215,East,TEC-AC-10000010,Technology,Accessories,SanDisk 128GB Flash Drive,1258.11,3,0.5,-89.74,2025,1,January,Q1,-0.0713
CA-2025-100011,2025-12-25,2025-12-29,Standard Class,CO-98039,Customer 98039,Consumer,Minneapolis,Minnesota,55401,Central,TEC-MA-10000011,Technology,Machines,Star Micronics Receipt Printer,447.07,1,0.0,121.41,2025,12,December,Q4,0.2716
CA-2025-100012,2025-11-19,2025-11-21,Standard Class,CO-40007,Customer 40007,Corporate,Los Angeles,California,90036,West,TEC-PH-10000012,Technology,Phones,Samsung Galaxy S24 Ultra,979.74,2,0.0,332.47,2025,11,November,Q4,0.3393
CA-2025-100013,2025-04-19,2025-04-22,Standard Class,CO-63354,Customer 63354,Consumer,New York City,New York,10011,East,FUR-FU-10000013,Furniture,Furnishings,Luxo Task Lamp,452.75,2,0.2,144.58,2025,4,April,Q2,0.3193
CA-2025-100014,2025-04-21,2025-04-22,Standard Class,CO-24322,Customer 24322,Consumer,Boston,Massachusetts,02108,East,FUR-FU-10000014,Furniture,Furnishings,DAX Black Wood Picture Frame,282.03,1,0.0,118.26,2025,4,April,Q2,0.4193
CA-2025-100015,2025-04-15,2025-04-20,First Class,CO-95477,Customer 95477,Consumer,Los Angeles,California,90036,West,TEC-AC-10000015,Technology,Accessories,Anker USB-C Hub 8-in-1,936.57,2,0.3,-74.24,2025,4,April,Q2,-0.0793
CA-2025-100016,2025-05-06,2025-05-09,Same Day,CO-69638,Customer 69638,Consumer,Minneapolis,Minnesota,55401,Central,OFF-AP-10000016,Office Supplies,Appliances,Avanti Compact Refrigerator,160.2,2,0.0,21.96,2025,5,May,Q2,0.1371
CA-2025-100017,2025-08-02,2025-08-05,Standard Class,CO-17492,Customer 17492,Corporate,Phoenix,Arizona,85001,West,OFF-BI-10000017,Office Supplies,Binders,Wilson Jones Ring Binder,12.19,2,0.3,-4.02,2025,8,August,Q3,-0.3298
CA-2025-100018,2025-07-03,2025-07-07,Standard Class,CO-84668,Customer 84668,Consumer,New York City,New York,10011,East,OFF-PA-10000018,Office Supplies,Paper,Southworth Fine Parchment Paper,99.22,2,0.3,-28.65,2025,7,July,Q3,-0.2888
CA-2025-100019,2025-05-23,2025-05-26,Standard Class,CO-94607,Customer 94607,Consumer,Minneapolis,Minnesota,55401,Central,OFF-ST-10000019,Office Supplies,Storage,Tenex File Box,280.4,10,0.5,-91.98,2025,5,May,Q2,-0.328
CA-2025-100020,2025-09-07,2025-09-10,Standard Class,CO-19016,Customer 19016,Consumer,Philadelphia,Pennsylvania,19104,East,FUR-FU-10000020,Furniture,Furnishings,Luxo Task Lamp,3130.0,9,0.1,166.29,2025,9,September,Q3,0.0531
CA-2025-100021,2025-03-27,2025-03-30,First Class,CO-27601,Customer 27601,Consumer,Houston,Texas,77002,Central,TEC-AC-10000021,Technology,Accessories,SanDisk 128GB Flash Drive,494.46,1,0.0,160.7,2025,3,March,Q1,0.325
CA-2025-100022,2025-05-28,2025-05-30,Standard Class,HO-16658,Customer 16658,Home Office,Phoenix,Arizona,85001,West,TEC-PH-10000022,Technology,Phones,iPhone 15 Pro Max,283.49,1,0.5,-85.48,2025,5,May,Q2,-0.3015
CA-2025-100023,2025-06-15,2025-06-18,Standard Class,CO-19862,Customer 19862,Consumer,New York City,New York,10011,East,TEC-AC-10000023,Technology,Accessories,Keychron K2 Mechanical Keyboard,389.79,2,0.3,-43.33,2025,6,June,Q2,-0.1112
CA-2025-100024,2025-07-28,2025-07-29,Standard Class,CO-97416,Customer 97416,Corporate,Portland,Oregon,97201,West,OFF-PA-10000024,Office Supplies,Paper,Southworth Fine Parchment Paper,542.64,6,0.0,62.4,2025,7,July,Q3,0.115
CA-2025-100025,2025-11-26,2025-12-01,First Class,CO-53540,Customer 53540,Consumer,Atlanta,Georgia,30303,South,FUR-CH-10000025,Furniture,Chairs,Global Stack Chair,2648.45,5,0.0,997.5,2025,11,November,Q4,0.3766
CA-2025-100026,2025-04-15,2025-04-18,First Class,HO-39219,Customer 39219,Home Office,Seattle,Washington,98103,West,OFF-LA-10000026,Office Supplies,Labels,Avery Mailing Labels,104.48,1,0.1,21.93,2025,4,April,Q2,0.2099
CA-2025-100027,2025-08-27,2025-08-30,First Class,CO-44237,Customer 44237,Consumer,Philadelphia,Pennsylvania,19104,East,FUR-FU-10000027,Furniture,Furnishings,Luxo Task Lamp,811.26,2,0.1,206.52,2025,8,August,Q3,0.2546
CA-2025-100028,2025-09-13,2025-09-18,Standard Class,CO-67154,Customer 67154,Consumer,Seattle,Washington,98103,West,OFF-ST-10000028,Office Supplies,Storage,Stur-D-Stor Shelving,226.59,3,0.0,92.91,2025,9,September,Q3,0.41
CA-2025-100029,2025-01-17,2025-01-20,Standard Class,CO-48752,Customer 48752,Consumer,Boston,Massachusetts,02108,East,OFF-PA-10000029,Office Supplies,Paper,Southworth Fine Parchment Paper,90.28,1,0.0,19.18,2025,1,January,Q1,0.2125
CA-2025-100030,2025-09-27,2025-09-28,Standard Class,CO-86019,Customer 86019,Consumer,Minneapolis,Minnesota,55401,Central,OFF-AP-10000030,Office Supplies,Appliances,Hoover WindTunnel Vacuum,124.64,4,0.5,-16.1,2025,9,September,Q3,-0.1292
CA-2025-100031,2025-03-22,2025-03-23,Standard Class,CO-53933,Customer 53933,Corporate,Seattle,Washington,98103,West,OFF-AR-10000031,Office Supplies,Art,Crayola Markers 8ct,9.7,1,0.5,-1.62,2025,3,March,Q1,-0.167
CA-2025-100032,2025-02-25,2025-02-26,Standard Class,CO-35485,Customer 35485,Corporate,Nashville,Tennessee,37203,South,OFF-AR-10000032,Office Supplies,Art,Dixon Ticonderoga Pencils,375.65,5,0.3,-43.75,2025,2,February,Q1,-0.1165
CA-2025-100033,2025-12-08,2025-12-10,Same Day,CO-16582,Customer 16582,Corporate,New York City,New York,10011,East,OFF-PA-10000033,Office Supplies,Paper,Southworth Fine Parchment Paper,194.01,3,0.0,68.31,2025,12,December,Q4,0.3521
CA-2025-100034,2025-12-15,2025-12-19,Second Class,CO-81810,Customer 81810,Corporate,Atlanta,Georgia,30303,South,OFF-PA-10000034,Office Supplies,Paper,Hammermill Color Copy Paper,29.32,1,0.1,10.45,2025,12,December,Q4,0.3564
CA-2025-100035,2025-11-17,2025-11-20,Standard Class,CO-47450,Customer 47450,Consumer,Philadelphia,Pennsylvania,19104,East,OFF-BI-10000035,Office Supplies,Binders,Wilson Jones Ring Binder,16.5,1,0.1,5.49,2025,11,November,Q4,0.3327
CA-2025-100036,2025-05-03,2025-05-06,Standard Class,CO-18161,Customer 18161,Consumer,Columbus,Ohio,43215,East,OFF-BI-10000036,Office Supplies,Binders,Avery Durable View Binder,21.5,5,0.0,5.18,2025,5,May,Q2,0.2409
CA-2025-100037,2025-02-12,2025-02-14,Standard Class,HO-64921,Customer 64921,Home Office,Columbus,Ohio,43215,East,FUR-FU-10000037,Furniture,Furnishings,Floor Mat,118.73,2,0.1,25.14,2025,2,February,Q1,0.2117
CA-2025-100038,2025-10-06,2025-10-11,First Class,HO-80008,Customer 80008,Home Office,Phoenix,Arizona,85001,West,OFF-AP-10000038,Office Supplies,Appliances,Hoover WindTunnel Vacuum,16.67,2,0.3,-4.93,2025,10,October,Q4,-0.2957
CA-2025-100039,2025-07-09,2025-07-12,Standard Class,CO-59692,Customer 59692,Consumer,Minneapolis,Minnesota,55401,Central,FUR-CH-10000039,Furniture,Chairs,Global Stack Chair,60.66,2,0.5,-14.86,2025,7,July,Q3,-0.245
CA-2025-100040,2025-03-21,2025-03-22,Same Day,CO-14067,Customer 14067,Consumer,Boston,Massachusetts,02108,East,TEC-AC-10000040,Technology,Accessories,Anker USB-C Hub 8-in-1,830.13,3,0.0,113.88,2025,3,March,Q1,0.1372
CA-2025-100041,2025-08-23,2025-08-25,Standard Class,CO-25012,Customer 25012,Corporate,Philadelphia,Pennsylvania,19104,East,FUR-CH-10000041,Furniture,Chairs,Novimex Swivel Chair,1833.45,5,0.0,782.13,2025,8,August,Q3,0.4266
CA-2025-100042,2025-01-07,2025-01-08,Second Class,CO-23356,Customer 23356,Corporate,Houston,Texas,77002,Central,OFF-BI-10000042,Office Supplies,Binders,Wilson Jones Ring Binder,85.94,2,0.0,21.69,2025,1,January,Q1,0.2524
CA-2025-100043,2025-12-11,2025-12-12,Standard Class,CO-66822,Customer 66822,Consumer,Minneapolis,Minnesota,55401,Central,OFF-PA-10000043,Office Supplies,Paper,Xerox 228 Premium Copy Paper,620.13,7,0.0,231.48,2025,12,December,Q4,0.3733
CA-2025-100044,2025-05-18,2025-05-22,Standard Class,HO-87656,Customer 87656,Home Office,Detroit,Michigan,48201,Central,TEC-PH-10000044,Technology,Phones,Google Pixel 8 Pro,1334.28,1,0.0,392.46,2025,5,May,Q2,0.2941
CA-2025-100045,2025-10-13,2025-10-16,Standard Class,CO-73904,Customer 73904,Consumer,Philadelphia,Pennsylvania,19104,East,OFF-LA-10000045,Office Supplies,Labels,Dymo Address Labels,317.64,3,0.0,17.17,2025,10,October,Q4,0.0541
CA-2025-100046,2025-06-07,2025-06-08,Second Class,CO-41499,Customer 41499,Consumer,Nashville,Tennessee,37203,South,OFF-ST-10000046,Office Supplies,Storage,Tenex File Box,73.44,2,0.0,23.18,2025,6,June,Q2,0.3156
CA-2025-100047,2025-08-12,2025-08-15,Standard Class,CO-82140,Customer 82140,Consumer,Detroit,Michigan,48201,Central,OFF-LA-10000047,Office Supplies,Labels,Dymo Address Labels,31.67,1,0.0,3.1,2025,8,August,Q3,0.0979
CA-2025-100048,2025-09-18,2025-09-25,Second Class,CO-73464,Customer 73464,Consumer,Detroit,Michigan,48201,Central,TEC-AC-10000048,Technology,Accessories,SanDisk 128GB Flash Drive,418.48,1,0.0,110.33,2025,9,September,Q3,0.2636
CA-2025-100049,2025-04-09,2025-04-10,Standard Class,CO-26551,Customer 26551,Consumer,Miami,Florida,33101,South,TEC-CO-10000049,Technology,Copiers,Hewlett Packard LaserJet Copier,770.2,2,0.5,-211.23,2025,4,April,Q2,-0.2743
CA-2025-100050,2025-12-28,2025-12-31,First Class,CO-19710,Customer 19710,Consumer,Seattle,Washington,98103,West,FUR-TA-10000050,Furniture,Tables,Beverage Air Work Table,477.32,1,0.2,139.63,2025,12,December,Q4,0.2925
CA-2025-100051,2025-11-26,2025-11-30,Second Class,CO-68028,Customer 68028,Consumer,Minneapolis,Minnesota,55401,Central,OFF-BI-10000051,Office Supplies,Binders,Wilson Jones Ring Binder,155.27,3,0.3,-44.67,2025,11,November,Q4,-0.2877
CA-2025-100052,2025-12-07,2025-12-09,Standard Class,CO-82350,Customer 82350,Consumer,Seattle,Washington,98103,West,FUR-FU-10000052,Furniture,Furnishings,Floor Mat,168.15,1,0.2,55.69,2025,12,December,Q4,0.3312
CA-2025-100053,2025-12-15,2025-12-16,Standard Class,CO-91927,Customer 91927,Consumer,Columbus,Ohio,43215,East,FUR-BO-10000053,Furniture,Bookcases,O'Sullivan 2-Door Bookcase,131.94,1,0.0,9.74,2025,12,December,Q4,0.0738
CA-2025-100054,2025-09-26,2025-09-29,Second Class,CO-47828,Customer 47828,Corporate,Miami,Florida,33101,South,OFF-LA-10000054,Office Supplies,Labels,Brother Label Tape,49.5,1,0.0,11.14,2025,9,September,Q3,0.2251
CA-2025-100055,2025-12-20,2025-12-21,Standard Class,CO-42816,Customer 42816,Consumer,Los Angeles,California,90036,West,FUR-CH-10000055,Furniture,Chairs,Novimex Swivel Chair,1467.76,4,0.0,378.07,2025,12,December,Q4,0.2576
CA-2025-100056,2025-02-15,2025-02-21,Standard Class,CO-93202,Customer 93202,Corporate,Miami,Florida,33101,South,OFF-PA-10000056,Office Supplies,Paper,Hammermill Color Copy Paper,39.88,1,0.0,8.56,2025,2,February,Q1,0.2146
CA-2025-100057,2025-04-16,2025-04-18,First Class,HO-82102,Customer 82102,Home Office,Phoenix,Arizona,85001,West,FUR-TA-10000057,Furniture,Tables,Bienna Executive Dining Table,318.53,4,0.3,-32.66,2025,4,April,Q2,-0.1025
CA-2025-100058,2025-01-01,2025-01-05,Standard Class,CO-34586,Customer 34586,Consumer,Minneapolis,Minnesota,55401,Central,OFF-ST-10000058,Office Supplies,Storage,Fellowes Bankers Box,33.51,1,0.0,13.48,2025,1,January,Q1,0.4023
CA-2025-100059,2025-06-16,2025-06-18,Same Day,CO-41365,Customer 41365,Corporate,Philadelphia,Pennsylvania,19104,East,OFF-BI-10000059,Office Supplies,Binders,GBC ComboBind Spines,91.0,10,0.3,-19.25,2025,6,June,Q2,-0.2115
CA-2025-100060,2025-07-04,2025-07-08,Standard Class,HO-48254,Customer 48254,Home Office,Minneapolis,Minnesota,55401,Central,TEC-MA-10000060,Technology,Machines,Star Micronics Receipt Printer,739.5,1,0.0,214.27,2025,7,July,Q3,0.2897
CA-2025-100061,2025-05-24,2025-05-29,First Class,CO-64387,Customer 64387,Consumer,Detroit,Michigan,48201,Central,TEC-CO-10000061,Technology,Copiers,Brother Multifunction Copier,776.97,3,0.5,-157.81,2025,5,May,Q2,-0.2031
CA-2025-100062,2025-11-05,2025-11-08,Standard Class,CO-81228,Customer 81228,Consumer,Nashville,Tennessee,37203,South,TEC-AC-10000062,Technology,Accessories,Anker USB-C Hub 8-in-1,720.42,1,0.2,48.6,2025,11,November,Q4,0.0675
CA-2025-100063,2025-06-24,2025-06-27,First Class,CO-96991,Customer 96991,Consumer,Columbus,Ohio,43215,East,TEC-AC-10000063,Technology,Accessories,SanDisk 128GB Flash Drive,6587.9,5,0.0,1715.36,2025,6,June,Q2,0.2604
CA-2025-100064,2025-05-15,2025-05-16,Standard Class,HO-30232,Customer 30232,Home Office,Phoenix,Arizona,85001,West,OFF-LA-10000064,Office Supplies,Labels,Dymo Address Labels,151.08,2,0.0,27.41,2025,5,May,Q2,0.1814
CA-2025-100065,2025-09-22,2025-09-27,Standard Class,CO-73956,Customer 73956,Consumer,Los Angeles,California,90036,West,FUR-TA-10000065,Furniture,Tables,Beverage Air Work Table,921.44,2,0.0,279.66,2025,9,September,Q3,0.3035
CA-2025-100066,2025-03-28,2025-03-30,Standard Class,CO-13794,Customer 13794,Consumer,Portland,Oregon,97201,West,OFF-LA-10000066,Office Supplies,Labels,Dymo Address Labels,46.23,1,0.0,12.78,2025,3,March,Q1,0.2764
CA-2025-100067,2025-11-26,2025-11-28,Standard Class,CO-60140,Customer 60140,Corporate,Columbus,Ohio,43215,East,TEC-AC-10000067,Technology,Accessories,Anker USB-C Hub 8-in-1,745.61,1,0.0,40.08,2025,11,November,Q4,0.0538
CA-2025-100068,2025-02-26,2025-03-01,Standard Class,CO-19681,Customer 19681,Corporate,Charlotte,North Carolina,28202,South,TEC-CO-10000068,Technology,Copiers,Brother Multifunction Copier,4340.52,3,0.0,741.57,2025,2,February,Q1,0.1708
CA-2025-100069,2025-12-13,2025-12-18,Standard Class,CO-57049,Customer 57049,Consumer,Detroit,Michigan,48201,Central,FUR-FU-10000069,Furniture,Furnishings,Luxo Task Lamp,217.8,5,0.2,95.71,2025,12,December,Q4,0.4394
CA-2025-100070,2025-11-20,2025-11-24,First Class,HO-40162,Customer 40162,Home Office,Chicago,Illinois,60611,Central,OFF-BI-10000070,Office Supplies,Binders,GBC ComboBind Spines,221.35,3,0.1,85.29,2025,11,November,Q4,0.3853
CA-2025-100071,2025-04-21,2025-04-22,Second Class,CO-67779,Customer 67779,Consumer,Portland,Oregon,97201,West,OFF-ST-10000071,Office Supplies,Storage,Stur-D-Stor Shelving,81.1,2,0.0,29.57,2025,4,April,Q2,0.3646
CA-2025-100072,2025-01-12,2025-01-15,First Class,HO-43681,Customer 43681,Home Office,Charlotte,North Carolina,28202,South,OFF-LA-10000072,Office Supplies,Labels,Avery Mailing Labels,45.81,1,0.2,6.42,2025,1,January,Q1,0.1401
CA-2025-100073,2025-11-22,2025-11-26,Same Day,HO-83048,Customer 83048,Home Office,Houston,Texas,77002,Central,OFF-ST-10000073,Office Supplies,Storage,Stur-D-Stor Shelving,117.58,2,0.1,37.5,2025,11,November,Q4,0.3189
CA-2025-100074,2025-10-19,2025-10-22,Second Class,CO-98452,Customer 98452,Consumer,Columbus,Ohio,43215,East,FUR-TA-10000074,Furniture,Tables,Balt Training Table,137.4,1,0.2,56.85,2025,10,October,Q4,0.4138
CA-2025-100075,2025-10-10,2025-10-14,Standard Class,CO-14877,Customer 14877,Consumer,Minneapolis,Minnesota,55401,Central,FUR-BO-10000075,Furniture,Bookcases,O'Sullivan 2-Door Bookcase,224.32,2,0.1,77.9,2025,10,October,Q4,0.3473
CA-2025-100076,2025-11-18,2025-11-21,Second Class,CO-64379,Customer 64379,Consumer,Phoenix,Arizona,85001,West,OFF-LA-10000076,Office Supplies,Labels,Avery Mailing Labels,83.45,1,0.0,12.05,2025,11,November,Q4,0.1444
CA-2025-100077,2025-02-12,2025-02-13,Second Class,CO-94518,Customer 94518,Corporate,Houston,Texas,77002,Central,OFF-AR-10000077,Office Supplies,Art,Dixon Ticonderoga Pencils,455.92,4,0.0,61.48,2025,2,February,Q1,0.1348
CA-2025-100078,2025-06-21,2025-06-24,Standard Class,CO-41925,Customer 41925,Corporate,Boston,Massachusetts,02108,East,FUR-BO-10000078,Furniture,Bookcases,O'Sullivan 2-Door Bookcase,843.85,5,0.0,92.0,2025,6,June,Q2,0.109
CA-2025-100079,2025-03-20,2025-03-21,First Class,CO-27038,Customer 27038,Consumer,Chicago,Illinois,60611,Central,FUR-CH-10000079,Furniture,Chairs,Harbour Executive Leather Armchair,232.68,4,0.0,41.77,2025,3,March,Q1,0.1795
CA-2025-100080,2025-12-06,2025-12-08,Standard Class,CO-24896,Customer 24896,Consumer,Phoenix,Arizona,85001,West,OFF-LA-10000080,Office Supplies,Labels,Brother Label Tape,144.1,2,0.0,42.66,2025,12,December,Q4,0.296
CA-2025-100081,2025-09-24,2025-09-28,First Class,CO-70036,Customer 70036,Corporate,Los Angeles,California,90036,West,TEC-MA-10000081,Technology,Machines,Dymo LabelWriter 450 Turbo,1484.76,2,0.3,-486.93,2025,9,September,Q3,-0.328
CA-2025-100082,2025-06-03,2025-06-06,Standard Class,CO-91830,Customer 91830,Consumer,Minneapolis,Minnesota,55401,Central,TEC-CO-10000082,Technology,Copiers,Hewlett Packard LaserJet Copier,1292.43,2,0.2,123.77,2025,6,June,Q2,0.0958
CA-2025-100083,2025-02-21,2025-02-25,Second Class,CO-38183,Customer 38183,Corporate,Nashville,Tennessee,37203,South,TEC-MA-10000083,Technology,Machines,Dymo LabelWriter 450 Turbo,2013.42,2,0.2,352.39,2025,2,February,Q1,0.175
CA-2025-100084,2025-06-11,2025-06-15,Standard Class,CO-72163,Customer 72163,Consumer,Los Angeles,California,90036,West,TEC-PH-10000084,Technology,Phones,Motorola Edge 50,564.46,3,0.2,153.84,2025,6,June,Q2,0.2725
CA-2025-100085,2025-06-19,2025-06-26,Standard Class,CO-63845,Customer 63845,Corporate,Minneapolis,Minnesota,55401,Central,TEC-PH-10000085,Technology,Phones,Google Pixel 8 Pro,1881.14,2,0.0,254.13,2025,6,June,Q2,0.1351
CA-2025-100086,2025-10-22,2025-10-25,First Class,CO-82910,Customer 82910,Consumer,Houston,Texas,77002,Central,OFF-BI-10000086,Office Supplies,Binders,Wilson Jones Ring Binder,194.5,4,0.5,-20.32,2025,10,October,Q4,-0.1045
CA-2025-100087,2025-10-20,2025-10-24,Standard Class,CO-96223,Customer 96223,Corporate,Houston,Texas,77002,Central,FUR-TA-10000087,Furniture,Tables,Bienna Executive Dining Table,243.06,1,0.0,76.06,2025,10,October,Q4,0.3129
CA-2025-100088,2025-12-03,2025-12-05,Second Class,CO-79531,Customer 79531,Consumer,Columbus,Ohio,43215,East,OFF-LA-10000088,Office Supplies,Labels,Avery Mailing Labels,109.61,3,0.2,30.37,2025,12,December,Q4,0.2771
CA-2025-100089,2025-08-03,2025-08-08,Standard Class,CO-16522,Customer 16522,Corporate,Portland,Oregon,97201,West,OFF-PA-10000089,Office Supplies,Paper,Hammermill Color Copy Paper,147.26,2,0.0,37.54,2025,8,August,Q3,0.2549
CA-2025-100090,2025-03-12,2025-03-15,Standard Class,CO-73783,Customer 73783,Corporate,Houston,Texas,77002,Central,FUR-CH-10000090,Furniture,Chairs,HON 5400 Series Task Chair,779.66,6,0.2,277.3,2025,3,March,Q1,0.3557
CA-2025-100091,2025-10-10,2025-10-13,Standard Class,CO-33028,Customer 33028,Corporate,Columbus,Ohio,43215,East,OFF-AR-10000091,Office Supplies,Art,Fiskars Scissors,52.5,5,0.0,3.02,2025,10,October,Q4,0.0575
CA-2025-100092,2025-11-03,2025-11-08,Standard Class,CO-93904,Customer 93904,Corporate,Charlotte,North Carolina,28202,South,FUR-CH-10000092,Furniture,Chairs,Novimex Swivel Chair,867.18,6,0.0,282.57,2025,11,November,Q4,0.3258
CA-2025-100093,2025-09-12,2025-09-13,First Class,CO-87184,Customer 87184,Consumer,Miami,Florida,33101,South,OFF-LA-10000093,Office Supplies,Labels,Brother Label Tape,84.12,2,0.0,21.38,2025,9,September,Q3,0.2542
CA-2025-100094,2025-11-04,2025-11-07,Standard Class,CO-56019,Customer 56019,Corporate,Boston,Massachusetts,02108,East,FUR-TA-10000094,Furniture,Tables,Beverage Air Work Table,116.34,1,0.2,9.32,2025,11,November,Q4,0.0801
CA-2025-100095,2025-08-25,2025-08-29,Standard Class,CO-85952,Customer 85952,Corporate,Charlotte,North Carolina,28202,South,TEC-CO-10000095,Technology,Copiers,Canon ImageClass Laser Copier,1288.21,2,0.1,474.75,2025,8,August,Q3,0.3685
CA-2025-100096,2025-08-19,2025-08-20,Standard Class,CO-69233,Customer 69233,Consumer,Los Angeles,California,90036,West,OFF-LA-10000096,Office Supplies,Labels,Avery Mailing Labels,624.56,8,0.0,179.64,2025,8,August,Q3,0.2876
CA-2025-100097,2025-07-13,2025-07-16,Standard Class,CO-15376,Customer 15376,Corporate,Atlanta,Georgia,30303,South,OFF-PA-10000097,Office Supplies,Paper,Southworth Fine Parchment Paper,19.8,1,0.0,8.11,2025,7,July,Q3,0.4096
CA-2025-100098,2025-01-11,2025-01-18,Standard Class,CO-15130,Customer 15130,Corporate,Columbus,Ohio,43215,East,TEC-AC-10000098,Technology,Accessories,SanDisk 128GB Flash Drive,621.99,1,0.0,115.28,2025,1,January,Q1,0.1853
CA-2025-100099,2025-02-20,2025-02-21,Second Class,CO-53213,Customer 53213,Consumer,Phoenix,Arizona,85001,West,FUR-BO-10000099,Furniture,Bookcases,Bush Somerset 3-Shelf Bookcase,199.14,3,0.3,-51.17,2025,2,February,Q1,-0.257
CA-2025-100100,2025-01-21,2025-01-25,Standard Class,CO-21104,Customer 21104,Corporate,Minneapolis,Minnesota,55401,Central,OFF-LA-10000100,Office Supplies,Labels,Avery Mailing Labels,259.42,4,0.2,84.1,2025,1,January,Q1,0.3242
CA-2025-100101,2025-10-17,2025-10-18,Second Class,CO-12389,Customer 12389,Corporate,Detroit,Michigan,48201,Central,FUR-BO-10000101,Furniture,Bookcases,Bush Somerset 3-Shelf Bookcase,1142.44,2,0.0,119.99,2025,10,October,Q4,0.105
CA-2025-100102,2025-06-03,2025-06-05,Second Class,CO-80748,Customer 80748,Corporate,Portland,Oregon,97201,West,TEC-AC-10000102,Technology,Accessories,Keychron K2 Mechanical Keyboard,284.36,1,0.1,85.28,2025,6,June,Q2,0.2999
CA-2025-100103,2025-08-06,2025-08-10,Standard Class,CO-41133,Customer 41133,Consumer,Charlotte,North Carolina,28202,South,OFF-PA-10000103,Office Supplies,Paper,Xerox 228 Premium Copy Paper,104.02,2,0.2,24.72,2025,8,August,Q3,0.2376
CA-2025-100104,2025-12-27,2025-12-29,Second Class,CO-67749,Customer 67749,Corporate,Charlotte,North Carolina,28202,South,OFF-BI-10000104,Office Supplies,Binders,Avery Durable View Binder,51.4,1,0.0,15.0,2025,12,December,Q4,0.2918
CA-2025-100105,2025-05-28,2025-05-30,Second Class,HO-82684,Customer 82684,Home Office,Los Angeles,California,90036,West,FUR-BO-10000105,Furniture,Bookcases,Bush Somerset 3-Shelf Bookcase,475.41,2,0.2,41.21,2025,5,May,Q2,0.0867
CA-2025-100106,2025-07-08,2025-07-13,First Class,HO-64381,Customer 64381,Home Office,Phoenix,Arizona,85001,West,OFF-AR-10000106,Office Supplies,Art,Sharpie Highlighter Set,238.7,2,0.0,100.81,2025,7,July,Q3,0.4223
CA-2025-100107,2025-11-27,2025-12-01,Standard Class,CO-15020,Customer 15020,Consumer,Minneapolis,Minnesota,55401,Central,OFF-AR-10000107,Office Supplies,Art,Sharpie Highlighter Set,54.93,1,0.0,8.37,2025,11,November,Q4,0.1524
CA-2025-100108,2025-04-27,2025-04-29,First Class,CO-65476,Customer 65476,Corporate,Portland,Oregon,97201,West,FUR-CH-10000108,Furniture,Chairs,HON 5400 Series Task Chair,489.08,3,0.1,36.74,2025,4,April,Q2,0.0751
CA-2025-100109,2025-02-27,2025-03-05,Standard Class,CO-77551,Customer 77551,Consumer,Boston,Massachusetts,02108,East,FUR-CH-10000109,Furniture,Chairs,Novimex Swivel Chair,328.16,2,0.1,27.65,2025,2,February,Q1,0.0843
CA-2025-100110,2025-05-12,2025-05-13,Standard Class,CO-76535,Customer 76535,Corporate,Phoenix,Arizona,85001,West,TEC-PH-10000110,Technology,Phones,Unknown Product,1473.46,1,0.0,538.41,2025,5,May,Q2,0.3654
CA-2025-100111,2025-03-12,2025-03-14,Second Class,CO-86271,Customer 86271,Consumer,Chicago,Illinois,60611,Central,FUR-TA-10000111,Furniture,Tables,Balt Training Table,585.2,4,0.0,192.04,2025,3,March,Q1,0.3282
CA-2025-100112,2025-12-21,2025-12-23,Standard Class,CO-69988,Customer 69988,Corporate,Portland,Oregon,97201,West,FUR-BO-10000112,Furniture,Bookcases,Atlantic Metal 4-Shelf Bookcase,447.16,2,0.0,168.2,2025,12,December,Q4,0.3762
CA-2025-100113,2025-11-16,2025-11-18,Second Class,CO-56789,Customer 56789,Consumer,Portland,Oregon,97201,West,FUR-TA-10000113,Furniture,Tables,Bienna Executive Dining Table,1132.36,3,0.3,-264.98,2025,11,November,Q4,-0.234
CA-2025-100114,2025-10-06,2025-10-09,Standard Class,HO-78062,Customer 78062,Home Office,Houston,Texas,77002,Central,OFF-ST-10000114,Office Supplies,Storage,Sterilite Plastic Tubs,292.36,4,0.0,52.18,2025,10,October,Q4,0.1785
CA-2025-100115,2025-12-03,2025-12-06,Standard Class,CO-65851,Customer 65851,Consumer,Columbus,Ohio,43215,East,OFF-ST-10000115,Office Supplies,Storage,Stur-D-Stor Shelving,134.19,2,0.1,49.19,2025,12,December,Q4,0.3666
CA-2025-100116,2025-11-02,2025-11-03,Second Class,CO-99051,Customer 99051,Consumer,New York City,New York,10011,East,FUR-FU-10000116,Furniture,Furnishings,Eldon Desktop Organizer,107.49,1,0.1,20.95,2025,11,November,Q4,0.1949
CA-2025-100117,2025-04-19,2025-04-20,Standard Class,CO-58623,Customer 58623,Consumer,Minneapolis,Minnesota,55401,Central,OFF-BI-10000117,Office Supplies,Binders,Wilson Jones Ring Binder,116.06,2,0.1,17.39,2025,4,April,Q2,0.1498
CA-2025-100118,2025-12-04,2025-12-05,Standard Class,CO-83619,Customer 83619,Corporate,Portland,Oregon,97201,West,OFF-AP-10000118,Office Supplies,Appliances,Krups 12-Cup Coffee Maker,73.76,3,0.1,33.15,2025,12,December,Q4,0.4494
CA-2025-100119,2025-08-07,2025-08-09,First Class,CO-68341,Customer 68341,Consumer,Portland,Oregon,97201,West,OFF-AP-10000119,Office Supplies,Appliances,Hoover WindTunnel Vacuum,66.9,1,0.0,7.56,2025,8,August,Q3,0.113
CA-2025-100120,2025-11-23,2025-11-29,Second Class,CO-76683,Customer 76683,Corporate,New York City,New York,10011,East,TEC-AC-10000120,Technology,Accessories,Anker USB-C Hub 8-in-1,1206.52,1,0.0,238.37,2025,11,November,Q4,0.1976
CA-2025-100121,2025-12-26,2026-01-02,Standard Class,HO-18617,Customer 18617,Home Office,Minneapolis,Minnesota,55401,Central,TEC-MA-10000121,Technology,Machines,3M Laminating Machine,1350.22,2,0.0,135.2,2025,12,December,Q4,0.1001
CA-2025-100122,2025-06-11,2025-06-15,Standard Class,CO-55156,Customer 55156,Corporate,Boston,Massachusetts,02108,East,OFF-AR-10000122,Office Supplies,Art,Sharpie Highlighter Set,245.36,5,0.2,63.12,2025,6,June,Q2,0.2573
CA-2025-100123,2025-03-10,2025-03-12,Standard Class,CO-55353,Customer 55353,Corporate,Houston,Texas,77002,Central,FUR-TA-10000123,Furniture,Tables,Beverage Air Work Table,1181.28,3,0.0,361.94,2025,3,March,Q1,0.3064
CA-2025-100124,2025-04-19,2025-04-25,Standard Class,CO-89316,Customer 89316,Corporate,Houston,Texas,77002,Central,TEC-PH-10000124,Technology,Phones,iPhone 15 Pro Max,490.95,3,0.0,152.42,2025,4,April,Q2,0.3105
CA-2025-100125,2025-07-25,2025-07-28,Second Class,CO-92203,Customer 92203,Consumer,Detroit,Michigan,48201,Central,OFF-AP-10000125,Office Supplies,Appliances,Krups 12-Cup Coffee Maker,37.1,1,0.0,8.38,2025,7,July,Q3,0.2259
CA-2025-100126,2025-11-16,2025-11-19,Standard Class,CO-51853,Customer 51853,Consumer,Minneapolis,Minnesota,55401,Central,FUR-TA-10000126,Furniture,Tables,Balt Training Table,717.82,2,0.0,112.69,2025,11,November,Q4,0.157
CA-2025-100127,2025-12-08,2025-12-10,Standard Class,HO-90658,Customer 90658,Home Office,Atlanta,Georgia,30303,South,TEC-AC-10000127,Technology,Accessories,SanDisk 128GB Flash Drive,4221.75,3,0.0,480.17,2025,12,December,Q4,0.1137
CA-2025-100128,2025-01-17,2025-01-20,First Class,CO-21802,Customer 21802,Consumer,Nashville,Tennessee,37203,South,TEC-AC-10000128,Technology,Accessories,SanDisk 128GB Flash Drive,168.12,1,0.0,65.09,2025,1,January,Q1,0.3872
CA-2025-100129,2025-08-22,2025-08-25,Standard Class,HO-66482,Customer 66482,Home Office,Philadelphia,Pennsylvania,19104,East,OFF-PA-10000129,Office Supplies,Paper,Hammermill Color Copy Paper,7.34,1,0.0,1.43,2025,8,August,Q3,0.1948
CA-2025-100130,2025-07-10,2025-07-11,Standard Class,CO-46663,Customer 46663,Corporate,Seattle,Washington,98103,West,TEC-MA-10000130,Technology,Machines,Dymo LabelWriter 450 Turbo,1698.0,2,0.3,-209.72,2025,7,July,Q3,-0.1235
CA-2025-100131,2025-04-07,2025-04-11,Standard Class,CO-15100,Customer 15100,Consumer,Philadelphia,Pennsylvania,19104,East,TEC-MA-10000131,Technology,Machines,Star Micronics Receipt Printer,1897.52,2,0.0,560.2,2025,4,April,Q2,0.2952
CA-2025-100132,2025-03-06,2025-03-09,Second Class,HO-87820,Customer 87820,Home Office,Minneapolis,Minnesota,55401,Central,OFF-LA-10000132,Office Supplies,Labels,Dymo Address Labels,176.87,2,0.1,78.17,2025,3,March,Q1,0.442
CA-2025-100133,2025-06-19,2025-06-22,First Class,HO-92478,Customer 92478,Home Office,Phoenix,Arizona,85001,West,FUR-BO-10000133,Furniture,Bookcases,O'Sullivan 2-Door Bookcase,156.5,2,0.0,52.97,2025,6,June,Q2,0.3385
CA-2025-100134,2025-12-25,2025-12-30,Standard Class,CO-14138,Customer 14138,Corporate,Seattle,Washington,98103,West,FUR-TA-10000134,Furniture,Tables,Bienna Executive Dining Table,399.87,3,0.0,143.95,2025,12,December,Q4,0.36
CA-2025-100135,2025-06-16,2025-06-21,Second Class,CO-28098,Customer 28098,Consumer,Philadelphia,Pennsylvania,19104,East,TEC-MA-10000135,Technology,Machines,3M Laminating Machine,4392.85,7,0.0,1156.42,2025,6,June,Q2,0.2633
CA-2025-100136,2025-08-18,2025-08-21,Second Class,CO-94319,Customer 94319,Corporate,Minneapolis,Minnesota,55401,Central,FUR-BO-10000136,Furniture,Bookcases,Bush Somerset 3-Shelf Bookcase,178.47,1,0.5,-46.53,2025,8,August,Q3,-0.2607
CA-2025-100137,2025-10-10,2025-10-14,Second Class,CO-72888,Customer 72888,Consumer,Detroit,Michigan,48201,Central,FUR-FU-10000137,Furniture,Furnishings,Floor Mat,2800.62,7,0.2,465.41,2025,10,October,Q4,0.1662
CA-2025-100138,2025-06-10,2025-06-17,Standard Class,HO-95979,Customer 95979,Home Office,Minneapolis,Minnesota,55401,Central,FUR-TA-10000138,Furniture,Tables,Balt Training Table,389.6,1,0.1,110.93,2025,6,June,Q2,0.2847
CA-2025-100139,2025-12-08,2025-12-09,First Class,CO-40518,Customer 40518,Consumer,Los Angeles,California,90036,West,OFF-AP-10000139,Office Supplies,Appliances,Krups 12-Cup Coffee Maker,55.44,4,0.0,14.98,2025,12,December,Q4,0.2702
CA-2025-100140,2025-12-06,2025-12-09,First Class,HO-72580,Customer 72580,Home Office,Philadelphia,Pennsylvania,19104,East,OFF-AP-10000140,Office Supplies,Appliances,Hoover WindTunnel Vacuum,109.14,1,0.0,28.82,2025,12,December,Q4,0.2641
CA-2025-100141,2025-05-24,2025-05-29,Standard Class,HO-64773,Customer 64773,Home Office,New York City,New York,10011,East,TEC-MA-10000141,Technology,Machines,Dymo LabelWriter 450 Turbo,757.76,3,0.3,-199.41,2025,5,May,Q2,-0.2632
CA-2025-100142,2025-08-02,2025-08-03,Standard Class,CO-53914,Customer 53914,Consumer,Minneapolis,Minnesota,55401,Central,TEC-MA-10000142,Technology,Machines,Star Micronics Receipt Printer,2582.96,2,0.0,245.53,2025,8,August,Q3,0.0951
CA-2025-100143,2025-05-06,2025-05-10,Second Class,CO-11846,Customer 11846,Corporate,Detroit,Michigan,48201,Central,OFF-AR-10000143,Office Supplies,Art,Crayola Markers 8ct,222.27,3,0.0,49.14,2025,5,May,Q2,0.2211
CA-2025-100144,2025-05-11,2025-05-12,Second Class,CO-28430,Customer 28430,Consumer,Charlotte,North Carolina,28202,South,TEC-PH-10000144,Technology,Phones,Google Pixel 8 Pro,1274.0,2,0.0,231.68,2025,5,May,Q2,0.1819
CA-2025-100145,2025-01-19,2025-01-23,Standard Class,CO-40972,Customer 40972,Corporate,Los Angeles,California,90036,West,OFF-AR-10000145,Office Supplies,Art,Sharpie Highlighter Set,348.43,6,0.3,-41.48,2025,1,January,Q1,-0.119
CA-2025-100146,2025-09-23,2025-09-25,First Class,CO-90560,Customer 90560,Consumer,Boston,Massachusetts,02108,East,TEC-MA-10000146,Technology,Machines,Star Micronics Receipt Printer,6632.73,9,0.0,2193.95,2025,9,September,Q3,0.3308
CA-2025-100147,2025-08-16,2025-08-20,First Class,HO-42435,Customer 42435,Home Office,Phoenix,Arizona,85001,West,OFF-LA-10000147,Office Supplies,Labels,Avery Mailing Labels,88.18,1,0.2,36.26,2025,8,August,Q3,0.4112
CA-2025-100148,2025-01-07,2025-01-10,Standard Class,CO-78202,Customer 78202,Consumer,Miami,Florida,33101,South,OFF-AP-10000148,Office Supplies,Appliances,Avanti Compact Refrigerator,298.4,5,0.0,21.56,2025,1,January,Q1,0.0723
CA-2025-100149,2025-05-05,2025-05-08,Standard Class,CO-70604,Customer 70604,Consumer,Houston,Texas,77002,Central,OFF-ST-10000149,Office Supplies,Storage,Fellowes Bankers Box,70.24,1,0.0,5.3,2025,5,May,Q2,0.0755
CA-2025-100150,2025-12-02,2025-12-08,Standard Class,HO-14159,Customer 14159,Home Office,Minneapolis,Minnesota,55401,Central,FUR-BO-10000150,Furniture,Bookcases,O'Sullivan 2-Door Bookcase,1764.24,3,0.0,788.87,2025,12,December,Q4,0.4471
CA-2025-100151,2025-04-13,2025-04-16,First Class,CO-20518,Customer 20518,Consumer,Philadelphia,Pennsylvania,19104,East,FUR-FU-10000151,Furniture,Furnishings,DAX Black Wood Picture Frame,450.32,1,0.0,26.61,2025,4,April,Q2,0.0591
CA-2025-100152,2025-03-10,2025-03-13,Second Class,CO-59712,Customer 59712,Consumer,Boston,Massachusetts,02108,East,OFF-AR-10000152,Office Supplies,Art,Fiskars Scissors,96.96,5,0.2,6.1,2025,3,March,Q1,0.0629
CA-2025-100153,2025-08-22,2025-08-25,Second Class,HO-12050,Customer 12050,Home Office,Boston,Massachusetts,02108,East,FUR-CH-10000153,Furniture,Chairs,Global Stack Chair,1136.34,3,0.0,393.42,2025,8,August,Q3,0.3462
CA-2025-100154,2025-12-13,2025-12-16,Standard Class,CO-17398,Customer 17398,Corporate,Philadelphia,Pennsylvania,19104,East,FUR-TA-10000154,Furniture,Tables,Balt Training Table,1136.55,3,0.0,194.02,2025,12,December,Q4,0.1707
CA-2025-100155,2025-05-05,2025-05-12,Standard Class,CO-46064,Customer 46064,Consumer,Seattle,Washington,98103,West,OFF-PA-10000155,Office Supplies,Paper,Southworth Fine Parchment Paper,338.69,8,0.3,-50.33,2025,5,May,Q2,-0.1486
CA-2025-100156,2025-10-26,2025-10-29,Second Class,CO-49306,Customer 49306,Consumer,Atlanta,Georgia,30303,South,OFF-PA-10000156,Office Supplies,Paper,Xerox 228 Premium Copy Paper,163.55,2,0.2,60.89,2025,10,October,Q4,0.3723
CA-2025-100157,2025-11-02,2025-11-05,Same Day,CO-27575,Customer 27575,Corporate,Atlanta,Georgia,30303,South,FUR-TA-10000157,Furniture,Tables,Balt Training Table,186.98,2,0.0,49.41,2025,11,November,Q4,0.2643
CA-2025-100158,2025-04-27,2025-04-29,Standard Class,CO-89026,Customer 89026,Corporate,Los Angeles,California,90036,West,FUR-BO-10000158,Furniture,Bookcases,Bush Somerset 3-Shelf Bookcase,824.45,5,0.0,340.99,2025,4,April,Q2,0.4136
CA-2025-100159,2025-10-07,2025-10-13,Same Day,CO-72773,Customer 72773,Consumer,Boston,Massachusetts,02108,East,OFF-AR-10000159,Office Supplies,Art,Fiskars Scissors,187.02,2,0.0,36.23,2025,10,October,Q4,0.1937
CA-2025-100160,2025-06-09,2025-06-12,First Class,CO-71537,Customer 71537,Consumer,Chicago,Illinois,60611,Central,OFF-PA-10000160,Office Supplies,Paper,Unknown Product,68.38,1,0.0,10.55,2025,6,June,Q2,0.1543
CA-2025-100161,2025-10-19,2025-10-22,Standard Class,CO-53236,Customer 53236,Consumer,Columbus,Ohio,43215,East,OFF-AR-10000161,Office Supplies,Art,Sharpie Highlighter Set,401.88,6,0.0,142.81,2025,10,October,Q4,0.3554
CA-2025-100162,2025-10-16,2025-10-23,Second Class,CO-32050,Customer 32050,Consumer,Chicago,Illinois,60611,Central,FUR-FU-10000162,Furniture,Furnishings,DAX Black Wood Picture Frame,997.72,2,0.1,73.33,2025,10,October,Q4,0.0735
CA-2025-100163,2025-08-02,2025-08-07,Standard Class,HO-16358,Customer 16358,Home Office,Phoenix,Arizona,85001,West,FUR-BO-10000163,Furniture,Bookcases,Atlantic Metal 4-Shelf Bookcase,438.94,1,0.0,87.47,2025,8,August,Q3,0.1993
CA-2025-100164,2025-02-20,2025-02-24,First Class,HO-96413,Customer 96413,Home Office,Miami,Florida,33101,South,FUR-FU-10000164,Furniture,Furnishings,Eldon Desktop Organizer,177.6,3,0.0,29.25,2025,2,February,Q1,0.1647
CA-2025-100165,2025-11-17,2025-11-22,Second Class,HO-33496,Customer 33496,Home Office,Los Angeles,California,90036,West,OFF-AR-10000165,Office Supplies,Art,Crayola Markers 8ct,75.13,1,0.0,27.65,2025,11,November,Q4,0.368
CA-2025-100166,2025-06-03,2025-06-06,Standard Class,CO-39603,Customer 39603,Corporate,Houston,Texas,00000,Central,OFF-AP-10000166,Office Supplies,Appliances,Hoover WindTunnel Vacuum,26.06,2,0.0,1.89,2025,6,June,Q2,0.0725
CA-2025-100167,2025-04-01,2025-04-05,Standard Class,HO-94529,Customer 94529,Home Office,Houston,Texas,77002,Central,TEC-PH-10000167,Technology,Phones,Samsung Galaxy S24 Ultra,1385.93,5,0.3,-287.37,2025,4,April,Q2,-0.2073
CA-2025-100168,2025-01-02,2025-01-08,Second Class,CO-81176,Customer 81176,Consumer,Seattle,Washington,98103,West,TEC-CO-10000168,Technology,Copiers,Canon ImageClass Laser Copier,3470.54,3,0.2,1162.92,2025,1,January,Q1,0.3351
CA-2025-100169,2025-09-13,2025-09-19,Standard Class,CO-84277,Customer 84277,Corporate,Charlotte,North Carolina,28202,South,OFF-AP-10000169,Office Supplies,Appliances,Hoover WindTunnel Vacuum,285.84,3,0.0,99.52,2025,9,September,Q3,0.3482
CA-2025-100170,2025-10-12,2025-10-13,Standard Class,HO-54642,Customer 54642,Home Office,Charlotte,North Carolina,28202,South,FUR-TA-10000170,Furniture,Tables,Bienna Executive Dining Table,447.76,2,0.3,-98.71,2025,10,October,Q4,-0.2205
CA-2025-100171,2025-01-22,2025-01-25,Standard Class,CO-48715,Customer 48715,Corporate,New York City,New York,10011,East,FUR-BO-10000171,Furniture,Bookcases,Bush Somerset 3-Shelf Bookcase,1059.41,3,0.2,187.17,2025,1,January,Q1,0.1767
CA-2025-100172,2025-08-04,2025-08-05,First Class,CO-45358,Customer 45358,Consumer,Seattle,Washington,98103,West,FUR-FU-10000172,Furniture,Furnishings,Floor Mat,712.68,2,0.0,61.18,2025,8,August,Q3,0.0858
CA-2025-100173,2025-04-18,2025-04-19,Standard Class,CO-60493,Customer 60493,Consumer,Portland,Oregon,97201,West,OFF-ST-10000173,Office Supplies,Storage,Fellowes Bankers Box,69.49,1,0.0,7.33,2025,4,April,Q2,0.1055
CA-2025-100174,2025-10-10,2025-10-12,Standard Class,CO-46170,Customer 46170,Consumer,Charlotte,North Carolina,28202,South,OFF-ST-10000174,Office Supplies,Storage,Stur-D-Stor Shelving,28.53,1,0.1,8.2,2025,10,October,Q4,0.2874
CA-2025-100175,2025-03-07,2025-03-10,Standard Class,CO-61864,Customer 61864,Consumer,Minneapolis,Minnesota,55401,Central,TEC-CO-10000175,Technology,Copiers,Hewlett Packard LaserJet Copier,1592.16,4,0.3,-91.92,2025,3,March,Q1,-0.0577
CA-2025-100176,2025-10-05,2025-10-08,Second Class,CO-72784,Customer 72784,Corporate,Chicago,Illinois,60611,Central,TEC-CO-10000176,Technology,Copiers,Hewlett Packard LaserJet Copier,1693.23,3,0.5,-195.41,2025,10,October,Q4,-0.1154
CA-2025-100177,2025-07-11,2025-07-14,First Class,CO-24927,Customer 24927,Consumer,Boston,Massachusetts,02108,East,OFF-BI-10000177,Office Supplies,Binders,Wilson Jones Ring Binder,183.12,2,0.2,41.27,2025,7,July,Q3,0.2254
CA-2025-100178,2025-12-10,2025-12-15,Standard Class,HO-63627,Customer 63627,Home Office,Atlanta,Georgia,30303,South,OFF-AR-10000178,Office Supplies,Art,Fiskars Scissors,191.33,3,0.2,15.23,2025,12,December,Q4,0.0796
CA-2025-100179,2025-03-20,2025-03-23,Standard Class,CO-64827,Customer 64827,Corporate,Portland,Oregon,97201,West,OFF-BI-10000179,Office Supplies,Binders,Avery Durable View Binder,61.85,1,0.2,19.36,2025,3,March,Q1,0.313
CA-2025-100180,2025-06-12,2025-06-14,Second Class,CO-94545,Customer 94545,Corporate,Charlotte,North Carolina,28202,South,TEC-MA-10000180,Technology,Machines,Star Micronics Receipt Printer,114.77,1,0.0,29.56,2025,6,June,Q2,0.2576
CA-2025-100181,2025-03-19,2025-03-23,Standard Class,CO-70694,Customer 70694,Consumer,Philadelphia,Pennsylvania,19104,East,TEC-MA-10000181,Technology,Machines,Star Micronics Receipt Printer,3081.66,6,0.0,1178.82,2025,3,March,Q1,0.3825
CA-2025-100182,2025-12-24,2025-12-26,Standard Class,CO-37114,Customer 37114,Consumer,Charlotte,North Carolina,28202,South,OFF-PA-10000182,Office Supplies,Paper,Southworth Fine Parchment Paper,168.44,2,0.0,63.01,2025,12,December,Q4,0.3741
CA-2025-100183,2025-12-04,2025-12-05,Standard Class,CO-31542,Customer 31542,Consumer,Boston,Massachusetts,02108,East,OFF-LA-10000183,Office Supplies,Labels,Brother Label Tape,83.7,2,0.2,25.27,2025,12,December,Q4,0.3019
CA-2025-100184,2025-05-06,2025-05-10,Standard Class,CO-90492,Customer 90492,Consumer,Columbus,Ohio,43215,East,OFF-PA-10000184,Office Supplies,Paper,Xerox 228 Premium Copy Paper,68.13,1,0.2,25.45,2025,5,May,Q2,0.3736
CA-2025-100185,2025-10-03,2025-10-06,Second Class,CO-57945,Customer 57945,Corporate,Chicago,Illinois,60611,Central,OFF-LA-10000185,Office Supplies,Labels,Brother Label Tape,186.82,2,0.1,53.95,2025,10,October,Q4,0.2888
CA-2025-100186,2025-11-20,2025-11-23,Standard Class,CO-70012,Customer 70012,Consumer,Philadelphia,Pennsylvania,19104,East,TEC-PH-10000186,Technology,Phones,Samsung Galaxy S24 Ultra,538.46,1,0.0,107.33,2025,11,November,Q4,0.1993
CA-2025-100187,2025-09-05,2025-09-08,Standard Class,CO-60293,Customer 60293,Consumer,Atlanta,Georgia,30303,South,OFF-BI-10000187,Office Supplies,Binders,Avery Durable View Binder,662.76,6,0.0,77.37,2025,9,September,Q3,0.1167
CA-2025-100188,2025-08-10,2025-08-12,Standard Class,CO-17026,Customer 17026,Consumer,Houston,Texas,77002,Central,OFF-AR-10000188,Office Supplies,Art,Sharpie Highlighter Set,231.46,2,0.0,74.96,2025,8,August,Q3,0.3239
CA-2025-100189,2025-05-14,2025-05-18,Standard Class,CO-84107,Customer 84107,Consumer,Seattle,Washington,98103,West,FUR-TA-10000189,Furniture,Tables,Beverage Air Work Table,345.68,1,0.0,119.95,2025,5,May,Q2,0.347
CA-2025-100190,2025-02-25,2025-02-28,Standard Class,CO-45112,Customer 45112,Corporate,Houston,Texas,77002,Central,OFF-PA-10000190,Office Supplies,Paper,Southworth Fine Parchment Paper,44.46,2,0.2,13.85,2025,2,February,Q1,0.3115
CA-2025-100191,2025-12-08,2025-12-10,Same Day,CO-55688,Customer 55688,Consumer,Phoenix,Arizona,85001,West,TEC-PH-10000191,Technology,Phones,Samsung Galaxy S24 Ultra,1063.34,3,0.1,419.4,2025,12,December,Q4,0.3944
CA-2025-100192,2025-12-20,2025-12-24,Standard Class,CO-37082,Customer 37082,Consumer,New York City,New York,10011,East,OFF-BI-10000192,Office Supplies,Binders,GBC ComboBind Spines,36.22,1,0.5,-9.5,2025,12,December,Q4,-0.2623
CA-2025-100193,2025-10-19,2025-10-21,First Class,HO-99037,Customer 99037,Home Office,Seattle,Washington,98103,West,TEC-MA-10000193,Technology,Machines,Star Micronics Receipt Printer,7447.4,5,0.0,2952.38,2025,10,October,Q4,0.3964
CA-2025-100194,2025-06-08,2025-06-10,Standard Class,CO-98635,Customer 98635,Consumer,Nashville,Tennessee,37203,South,FUR-TA-10000194,Furniture,Tables,Balt Training Table,500.08,2,0.1,201.06,2025,6,June,Q2,0.4021
CA-2025-100195,2025-06-03,2025-06-06,Second Class,CO-58374,Customer 58374,Corporate,Nashville,Tennessee,37203,South,OFF-ST-10000195,Office Supplies,Storage,Tenex File Box,158.85,2,0.1,30.7,2025,6,June,Q2,0.1933
CA-2025-100196,2025-10-03,2025-10-07,Standard Class,HO-37767,Customer 37767,Home Office,Charlotte,North Carolina,28202,South,OFF-LA-10000196,Office Supplies,Labels,Dymo Address Labels,46.61,1,0.3,-5.29,2025,10,October,Q4,-0.1135
CA-2025-100197,2025-12-22,2025-12-26,Standard Class,CO-70238,Customer 70238,Corporate,Los Angeles,California,90036,West,TEC-AC-10000197,Technology,Accessories,Keychron K2 Mechanical Keyboard,7391.3,10,0.0,3313.35,2025,12,December,Q4,0.4483
CA-2025-100198,2025-12-05,2025-12-10,Standard Class,HO-45916,Customer 45916,Home Office,Portland,Oregon,97201,West,FUR-TA-10000198,Furniture,Tables,Balt Training Table,547.09,1,0.0,94.21,2025,12,December,Q4,0.1722
CA-2025-100199,2025-11-23,2025-11-27,Standard Class,CO-22475,Customer 22475,Consumer,Seattle,Washington,98103,West,OFF-AR-10000199,Office Supplies,Art,Crayola Markers 8ct,126.58,2,0.0,23.72,2025,11,November,Q4,0.1874
CA-2025-100200,2025-10-04,2025-10-11,Standard Class,CO-19283,Customer 19283,Consumer,Columbus,Ohio,43215,East,FUR-CH-10000200,Furniture,Chairs,HON 5400 Series Task Chair,1111.7,5,0.0,399.53,2025,10,October,Q4,0.3594
CA-2025-100201,2025-02-25,2025-03-02,Second Class,CO-18966,Customer 18966,Corporate,Seattle,Washington,98103,West,OFF-AP-10000201,Office Supplies,Appliances,Hoover WindTunnel Vacuum,76.11,1,0.0,24.71,2025,2,February,Q1,0.3247
CA-2025-100202,2025-03-28,2025-03-30,First Class,CO-26142,Customer 26142,Consumer,Charlotte,North Carolina,00000,South,TEC-CO-10000202,Technology,Copiers,Canon ImageClass Laser Copier,1340.7,3,0.0,389.34,2025,3,March,Q1,0.2904
CA-2025-100203,2025-12-24,2025-12-28,Second Class,CO-96298,Customer 96298,Corporate,Chicago,Illinois,60611,Central,OFF-BI-10000203,Office Supplies,Binders,Wilson Jones Ring Binder,90.25,1,0.0,36.93,2025,12,December,Q4,0.4092
CA-2025-100204,2025-09-08,2025-09-11,Standard Class,CO-87847,Customer 87847,Consumer,Los Angeles,California,90036,West,TEC-CO-10000204,Technology,Copiers,Canon ImageClass Laser Copier,2566.28,4,0.0,689.16,2025,9,September,Q3,0.2685
CA-2025-100205,2025-01-06,2025-01-10,Same Day,CO-12187,Customer 12187,Corporate,Los Angeles,California,90036,West,FUR-CH-10000205,Furniture,Chairs,HON 5400 Series Task Chair,1143.54,2,0.0,383.14,2025,1,January,Q1,0.335
CA-2025-100206,2025-02-25,2025-02-28,Second Class,CO-80328,Customer 80328,Consumer,Philadelphia,Pennsylvania,19104,East,FUR-CH-10000206,Furniture,Chairs,Harbour Executive Leather Armchair,585.87,1,0.0,166.72,2025,2,February,Q1,0.2846
CA-2025-100207,2025-10-25,2025-10-30,Second Class,CO-67342,Customer 67342,Consumer,New York City,New York,10011,East,FUR-FU-10000207,Furniture,Furnishings,Eldon Desktop Organizer,898.05,3,0.0,311.33,2025,10,October,Q4,0.3467
CA-2025-100208,2025-01-24,2025-01-26,Standard Class,CO-11487,Customer 11487,Consumer,Columbus,Ohio,43215,East,TEC-CO-10000208,Technology,Copiers,Canon ImageClass Laser Copier,1303.3,3,0.3,-169.58,2025,1,January,Q1,-0.1301
CA-2025-100209,2025-03-04,2025-03-08,Standard Class,HO-45649,Customer 45649,Home Office,Portland,Oregon,97201,West,OFF-BI-10000209,Office Supplies,Binders,Avery Durable View Binder,22.18,2,0.0,5.54,2025,3,March,Q1,0.2498
CA-2025-100210,2025-09-19,2025-09-21,Standard Class,CO-85223,Customer 85223,Corporate,Seattle,Washington,98103,West,OFF-ST-10000210,Office Supplies,Storage,Tenex File Box,103.33,1,0.0,20.21,2025,9,September,Q3,0.1956
CA-2025-100211,2025-10-05,2025-10-07,Same Day,CO-95944,Customer 95944,Consumer,Atlanta,Georgia,30303,South,OFF-PA-10000211,Office Supplies,Paper,Southworth Fine Parchment Paper,159.0,4,0.0,15.54,2025,10,October,Q4,0.0977
CA-2025-100212,2025-10-22,2025-10-28,Standard Class,HO-16019,Customer 16019,Home Office,Miami,Florida,33101,South,TEC-CO-10000212,Technology,Copiers,Hewlett Packard LaserJet Copier,1674.66,3,0.0,218.16,2025,10,October,Q4,0.1303
CA-2025-100213,2025-04-19,2025-04-23,Second Class,CO-58270,Customer 58270,Consumer,Atlanta,Georgia,30303,South,OFF-BI-10000213,Office Supplies,Binders,Wilson Jones Ring Binder,118.62,6,0.0,31.63,2025,4,April,Q2,0.2666
CA-2025-100214,2025-10-21,2025-10-26,First Class,HO-10191,Customer 10191,Home Office,Charlotte,North Carolina,28202,South,FUR-BO-10000214,Furniture,Bookcases,Bush Somerset 3-Shelf Bookcase,160.31,1,0.5,-21.88,2025,10,October,Q4,-0.1365
CA-2025-100215,2025-04-03,2025-04-04,Standard Class,HO-64140,Customer 64140,Home Office,Minneapolis,Minnesota,55401,Central,TEC-PH-10000215,Technology,Phones,iPhone 15 Pro Max,2422.8,3,0.0,694.76,2025,4,April,Q2,0.2868
CA-2025-100216,2025-06-02,2025-06-05,Same Day,CO-44208,Customer 44208,Consumer,Minneapolis,Minnesota,55401,Central,OFF-AP-10000216,Office Supplies,Appliances,Krups 12-Cup Coffee Maker,39.53,1,0.0,5.18,2025,6,June,Q2,0.131
CA-2025-100217,2025-11-25,2025-11-29,Standard Class,CO-68925,Customer 68925,Consumer,Charlotte,North Carolina,28202,South,OFF-BI-10000217,Office Supplies,Binders,GBC ComboBind Spines,115.83,1,0.0,18.07,2025,11,November,Q4,0.156
CA-2025-100218,2025-10-04,2025-10-05,First Class,CO-89076,Customer 89076,Consumer,Seattle,Washington,98103,West,TEC-CO-10000218,Technology,Copiers,Canon ImageClass Laser Copier,227.7,1,0.0,58.15,2025,10,October,Q4,0.2554
CA-2025-100219,2025-11-22,2025-11-24,First Class,CO-63004,Customer 63004,Consumer,Atlanta,Georgia,30303,South,FUR-CH-10000219,Furniture,Chairs,Harbour Executive Leather Armchair,93.44,1,0.2,12.98,2025,11,November,Q4,0.1389
CA-2025-100220,2025-10-07,2025-10-12,Standard Class,CO-94500,Customer 94500,Corporate,Portland,Oregon,97201,West,TEC-PH-10000220,Technology,Phones,iPhone 15 Pro Max,1346.43,1,0.1,503.19,2025,10,October,Q4,0.3737
CA-2025-100221,2025-09-03,2025-09-09,First Class,CO-15596,Customer 15596,Consumer,Miami,Florida,33101,South,FUR-FU-10000221,Furniture,Furnishings,Floor Mat,645.74,2,0.0,123.71,2025,9,September,Q3,0.1916
CA-2025-100222,2025-02-06,2025-02-08,Standard Class,CO-90492,Customer 90492,Consumer,Philadelphia,Pennsylvania,19104,East,OFF-BI-10000222,Office Supplies,Binders,GBC ComboBind Spines,9.2,1,0.0,1.19,2025,2,February,Q1,0.1293
CA-2025-100223,2025-06-26,2025-06-29,Second Class,HO-12559,Customer 12559,Home Office,Charlotte,North Carolina,28202,South,OFF-PA-10000223,Office Supplies,Paper,Hammermill Color Copy Paper,219.4,2,0.0,26.75,2025,6,June,Q2,0.1219
CA-2025-100224,2025-05-11,2025-05-14,Standard Class,HO-46822,Customer 46822,Home Office,Phoenix,Arizona,85001,West,OFF-BI-10000224,Office Supplies,Binders,Wilson Jones Ring Binder,105.24,1,0.1,16.48,2025,5,May,Q2,0.1566
CA-2025-100225,2025-05-27,2025-05-31,Second Class,CO-38758,Customer 38758,Corporate,Charlotte,North Carolina,28202,South,TEC-AC-10000225,Technology,Accessories,Anker USB-C Hub 8-in-1,689.87,2,0.2,133.5,2025,5,May,Q2,0.1935
CA-2025-100226,2025-12-19,2025-12-20,Second Class,HO-83873,Customer 83873,Home Office,Boston,Massachusetts,02108,East,TEC-MA-10000226,Technology,Machines,3M Laminating Machine,1065.34,2,0.0,152.4,2025,12,December,Q4,0.1431
CA-2025-100227,2025-07-08,2025-07-09,Standard Class,CO-90495,Customer 90495,Consumer,Boston,Massachusetts,02108,East,OFF-AR-10000227,Office Supplies,Art,Fiskars Scissors,7.22,1,0.2,0.77,2025,7,July,Q3,0.1066
CA-2025-100228,2025-12-04,2025-12-09,First Class,HO-58967,Customer 58967,Home Office,Miami,Florida,33101,South,OFF-LA-10000228,Office Supplies,Labels,Avery Mailing Labels,351.45,3,0.0,107.44,2025,12,December,Q4,0.3057
CA-2025-100229,2025-10-16,2025-10-20,Standard Class,HO-90440,Customer 90440,Home Office,Chicago,Illinois,60611,Central,OFF-AR-10000229,Office Supplies,Art,Sharpie Highlighter Set,114.63,3,0.0,39.15,2025,10,October,Q4,0.3415
CA-2025-100230,2025-11-23,2025-11-29,Standard Class,HO-84381,Customer 84381,Home Office,Seattle,Washington,98103,West,OFF-BI-10000230,Office Supplies,Binders,Wilson Jones Ring Binder,77.48,1,0.0,14.14,2025,11,November,Q4,0.1825
CA-2025-100231,2025-08-03,2025-08-05,Same Day,CO-21629,Customer 21629,Consumer,Minneapolis,Minnesota,55401,Central,FUR-BO-10000231,Furniture,Bookcases,Atlantic Metal 4-Shelf Bookcase,690.0,2,0.2,233.33,2025,8,August,Q3,0.3382
CA-2025-100232,2025-09-02,2025-09-05,Second Class,HO-64266,Customer 64266,Home Office,Nashville,Tennessee,37203,South,OFF-PA-10000232,Office Supplies,Paper,Xerox 228 Premium Copy Paper,399.2,4,0.0,141.04,2025,9,September,Q3,0.3533
CA-2025-100233,2025-08-08,2025-08-10,Standard Class,HO-48654,Customer 48654,Home Office,Portland,Oregon,97201,West,FUR-CH-10000233,Furniture,Chairs,HON 5400 Series Task Chair,1189.95,5,0.0,95.2,2025,8,August,Q3,0.08
CA-2025-100234,2025-04-03,2025-04-06,Same Day,HO-14062,Customer 14062,Home Office,Atlanta,Georgia,30303,South,OFF-PA-10000234,Office Supplies,Paper,Xerox 228 Premium Copy Paper,8.32,2,0.5,-1.89,2025,4,April,Q2,-0.2272
CA-2025-100235,2025-10-18,2025-10-22,Second Class,CO-46899,Customer 46899,Consumer,Chicago,Illinois,60611,Central,FUR-FU-10000235,Furniture,Furnishings,Floor Mat,268.94,2,0.0,45.13,2025,10,October,Q4,0.1678
CA-2025-100236,2025-05-22,2025-05-26,Standard Class,CO-37125,Customer 37125,Consumer,Philadelphia,Pennsylvania,19104,East,TEC-MA-10000236,Technology,Machines,Star Micronics Receipt Printer,1063.38,2,0.0,334.34,2025,5,May,Q2,0.3144
CA-2025-100237,2025-01-03,2025-01-07,Standard Class,CO-59996,Customer 59996,Consumer,Chicago,Illinois,60611,Central,OFF-LA-10000237,Office Supplies,Labels,Dymo Address Labels,56.88,1,0.0,4.25,2025,1,January,Q1,0.0747
CA-2025-100238,2025-10-25,2025-10-29,Standard Class,CO-80968,Customer 80968,Corporate,Atlanta,Georgia,30303,South,OFF-PA-10000238,Office Supplies,Paper,Southworth Fine Parchment Paper,71.96,2,0.3,-14.94,2025,10,October,Q4,-0.2076
CA-2025-100239,2025-03-08,2025-03-11,Standard Class,HO-14551,Customer 14551,Home Office,New York City,New York,10011,East,TEC-MA-10000239,Technology,Machines,Star Micronics Receipt Printer,1428.69,1,0.0,181.57,2025,3,March,Q1,0.1271
CA-2025-100240,2025-12-02,2025-12-05,Same Day,CO-92211,Customer 92211,Consumer,Philadelphia,Pennsylvania,19104,East,OFF-AP-10000240,Office Supplies,Appliances,Hoover WindTunnel Vacuum,36.81,3,0.0,14.45,2025,12,December,Q4,0.3926
CA-2025-100241,2025-12-17,2025-12-20,First Class,CO-91665,Customer 91665,Corporate,Miami,Florida,33101,South,OFF-AR-10000241,Office Supplies,Art,Dixon Ticonderoga Pencils,333.42,3,0.0,54.83,2025,12,December,Q4,0.1644
CA-2025-100242,2025-12-18,2025-12-23,First Class,CO-95824,Customer 95824,Consumer,Nashville,Tennessee,37203,South,FUR-TA-10000242,Furniture,Tables,Bienna Executive Dining Table,348.62,3,0.1,22.84,2025,12,December,Q4,0.0655
CA-2025-100243,2025-06-11,2025-06-15,Standard Class,CO-45203,Customer 45203,Consumer,Houston,Texas,77002,Central,OFF-LA-10000243,Office Supplies,Labels,Dymo Address Labels,63.14,2,0.1,5.64,2025,6,June,Q2,0.0893
CA-2025-100244,2025-01-28,2025-01-30,Standard Class,CO-52056,Customer 52056,Corporate,Minneapolis,Minnesota,55401,Central,OFF-ST-10000244,Office Supplies,Storage,Fellowes Bankers Box,270.6,5,0.0,65.97,2025,1,January,Q1,0.2438
CA-2025-100245,2025-12-17,2025-12-22,First Class,CO-30836,Customer 30836,Corporate,Portland,Oregon,97201,West,OFF-PA-10000245,Office Supplies,Paper,Xerox 228 Premium Copy Paper,188.2,2,0.0,22.49,2025,12,December,Q4,0.1195
CA-2025-100246,2025-07-27,2025-07-29,Standard Class,CO-16626,Customer 16626,Consumer,Chicago,Illinois,60611,Central,FUR-FU-10000246,Furniture,Furnishings,Floor Mat,399.48,1,0.0,79.49,2025,7,July,Q3,0.199
CA-2025-100247,2025-12-20,2025-12-23,Same Day,CO-82264,Customer 82264,Consumer,Detroit,Michigan,48201,Central,FUR-TA-10000247,Furniture,Tables,Balt Training Table,506.98,1,0.0,35.42,2025,12,December,Q4,0.0699
CA-2025-100248,2025-12-28,2025-12-31,Same Day,HO-94853,Customer 94853,Home Office,Boston,Massachusetts,02108,East,FUR-FU-10000248,Furniture,Furnishings,Eldon Desktop Organizer,3310.96,7,0.1,793.43,2025,12,December,Q4,0.2396
CA-2025-100249,2025-11-05,2025-11-09,Second Class,CO-43081,Customer 43081,Consumer,Detroit,Michigan,48201,Central,OFF-PA-10000249,Office Supplies,Paper,Hammermill Color Copy Paper,56.16,1,0.0,14.5,2025,11,November,Q4,0.2582
CA-2025-100250,2025-05-20,2025-05-23,Standard Class,CO-96816,Customer 96816,Corporate,Detroit,Michigan,48201,Central,FUR-CH-10000250,Furniture,Chairs,Global Stack Chair,689.39,9,0.1,272.03,2025,5,May,Q2,0.3946
CA-2025-100251,2025-07-09,2025-07-13,Same Day,CO-34688,Customer 34688,Corporate,Boston,Massachusetts,02108,East,TEC-MA-10000251,Technology,Machines,3M Laminating Machine,547.42,1,0.0,136.28,2025,7,July,Q3,0.2489
CA-2025-100252,2025-11-10,2025-11-12,Standard Class,CO-14629,Customer 14629,Consumer,Philadelphia,Pennsylvania,19104,East,OFF-AR-10000252,Office Supplies,Art,Sharpie Highlighter Set,326.91,3,0.0,126.9,2025,11,November,Q4,0.3882
CA-2025-100253,2025-06-27,2025-07-01,Standard Class,CO-71706,Customer 71706,Consumer,Philadelphia,Pennsylvania,19104,East,OFF-BI-10000253,Office Supplies,Binders,Wilson Jones Ring Binder,511.83,5,0.1,71.09,2025,6,June,Q2,0.1389
CA-2025-100254,2025-03-08,2025-03-12,Standard Class,CO-53426,Customer 53426,Corporate,Detroit,Michigan,48201,Central,OFF-PA-10000254,Office Supplies,Paper,Xerox 228 Premium Copy Paper,287.6,5,0.0,123.01,2025,3,March,Q1,0.4277
CA-2025-100255,2025-09-03,2025-09-06,Standard Class,CO-99220,Customer 99220,Consumer,Charlotte,North Carolina,28202,South,OFF-AR-10000255,Office Supplies,Art,Crayola Markers 8ct,119.1,2,0.5,-9.78,2025,9,September,Q3,-0.0821
CA-2025-100256,2025-12-15,2025-12-17,First Class,CO-20592,Customer 20592,Consumer,Charlotte,North Carolina,28202,South,OFF-AR-10000256,Office Supplies,Art,Fiskars Scissors,76.87,1,0.0,27.25,2025,12,December,Q4,0.3545
CA-2025-100257,2025-10-06,2025-10-09,Standard Class,CO-21539,Customer 21539,Corporate,Columbus,Ohio,43215,East,OFF-PA-10000257,Office Supplies,Paper,Hammermill Color Copy Paper,231.82,2,0.0,30.08,2025,10,October,Q4,0.1298
CA-2025-100258,2025-09-12,2025-09-19,First Class,CO-79603,Customer 79603,Corporate,New York City,New York,10011,East,OFF-AP-10000258,Office Supplies,Appliances,Avanti Compact Refrigerator,94.08,3,0.0,9.56,2025,9,September,Q3,0.1016
CA-2025-100259,2025-02-13,2025-02-16,Standard Class,CO-15992,Customer 15992,Consumer,Detroit,Michigan,48201,Central,OFF-BI-10000259,Office Supplies,Binders,Avery Durable View Binder,114.93,2,0.1,11.9,2025,2,February,Q1,0.1035
CA-2025-100260,2025-09-16,2025-09-19,Standard Class,HO-62873,Customer 62873,Home Office,Seattle,Washington,98103,West,FUR-BO-10000260,Furniture,Bookcases,Atlantic Metal 4-Shelf Bookcase,1361.22,3,0.0,267.67,2025,9,September,Q3,0.1966
CA-2025-100261,2025-12-21,2025-12-25,Standard Class,CO-80088,Customer 80088,Corporate,Los Angeles,California,90036,West,OFF-AP-10000261,Office Supplies,Appliances,Hoover WindTunnel Vacuum,7.69,1,0.0,0.76,2025,12,December,Q4,0.0988
CA-2025-100262,2025-03-09,2025-03-12,Standard Class,CO-92616,Customer 92616,Corporate,Portland,Oregon,97201,West,OFF-ST-10000262,Office Supplies,Storage,Stur-D-Stor Shelving,226.47,3,0.0,92.73,2025,3,March,Q1,0.4095
CA-2025-100263,2025-08-17,2025-08-21,Standard Class,CO-23928,Customer 23928,Consumer,Atlanta,Georgia,30303,South,OFF-LA-10000263,Office Supplies,Labels,Brother Label Tape,233.66,2,0.0,26.67,2025,8,August,Q3,0.1141
CA-2025-100264,2025-12-18,2025-12-21,Standard Class,HO-53332,Customer 53332,Home Office,New York City,New York,10011,East,FUR-CH-10000264,Furniture,Chairs,HON 5400 Series Task Chair,1528.14,3,0.0,131.47,2025,12,December,Q4,0.086
CA-2025-100265,2025-11-17,2025-11-18,Second Class,HO-94454,Customer 94454,Home Office,Columbus,Ohio,43215,East,TEC-CO-10000265,Technology,Copiers,Hewlett Packard LaserJet Copier,749.99,1,0.0,49.33,2025,11,November,Q4,0.0658
CA-2025-100266,2025-10-10,2025-10-13,Second Class,CO-25191,Customer 25191,Consumer,Los Angeles,California,90036,West,FUR-BO-10000266,Furniture,Bookcases,O'Sullivan 2-Door Bookcase,568.34,2,0.3,-36.07,2025,10,October,Q4,-0.0635
CA-2025-100267,2025-10-09,2025-10-14,Standard Class,HO-33969,Customer 33969,Home Office,Phoenix,Arizona,85001,West,OFF-PA-10000267,Office Supplies,Paper,Hammermill Color Copy Paper,301.83,3,0.0,66.01,2025,10,October,Q4,0.2187
CA-2025-100268,2025-06-26,2025-06-28,Standard Class,CO-30892,Customer 30892,Corporate,Phoenix,Arizona,85001,West,TEC-MA-10000268,Technology,Machines,3M Laminating Machine,1049.75,1,0.0,203.06,2025,6,June,Q2,0.1934
CA-2025-100269,2025-05-01,2025-05-06,First Class,CO-27125,Customer 27125,Corporate,Nashville,Tennessee,37203,South,FUR-FU-10000269,Furniture,Furnishings,Floor Mat,75.28,1,0.0,24.98,2025,5,May,Q2,0.3318
CA-2025-100270,2025-11-22,2025-11-25,Second Class,CO-39358,Customer 39358,Corporate,Houston,Texas,77002,Central,OFF-AP-10000270,Office Supplies,Appliances,Hoover WindTunnel Vacuum,158.95,3,0.1,17.4,2025,11,November,Q4,0.1095
CA-2025-100271,2025-11-27,2025-11-30,Same Day,CO-94331,Customer 94331,Consumer,Columbus,Ohio,43215,East,TEC-AC-10000271,Technology,Accessories,Logitech MX Master 3S Mouse,2304.0,2,0.0,371.55,2025,11,November,Q4,0.1613
CA-2025-100272,2025-12-17,2025-12-19,Second Class,CO-40801,Customer 40801,Consumer,Phoenix,Arizona,85001,West,OFF-BI-10000272,Office Supplies,Binders,GBC ComboBind Spines,24.78,2,0.0,10.96,2025,12,December,Q4,0.4423
CA-2025-100273,2025-12-24,2025-12-28,Standard Class,CO-83024,Customer 83024,Consumer,Los Angeles,California,90036,West,OFF-BI-10000273,Office Supplies,Binders,Avery Durable View Binder,75.88,2,0.0,24.17,2025,12,December,Q4,0.3185
CA-2025-100274,2025-08-11,2025-08-14,Standard Class,CO-69566,Customer 69566,Consumer,Minneapolis,Minnesota,55401,Central,OFF-LA-10000274,Office Supplies,Labels,Brother Label Tape,49.86,1,0.1,2.54,2025,8,August,Q3,0.0509
CA-2025-100275,2025-08-12,2025-08-17,Same Day,CO-78417,Customer 78417,Consumer,Houston,Texas,77002,Central,FUR-BO-10000275,Furniture,Bookcases,Bush Somerset 3-Shelf Bookcase,305.4,3,0.2,28.34,2025,8,August,Q3,0.0928
CA-2025-100276,2025-11-20,2025-11-22,Standard Class,HO-38257,Customer 38257,Home Office,Atlanta,Georgia,30303,South,OFF-ST-10000276,Office Supplies,Storage,Sterilite Plastic Tubs,20.22,3,0.1,2.01,2025,11,November,Q4,0.0994
CA-2025-100277,2025-10-15,2025-10-18,Standard Class,CO-75382,Customer 75382,Corporate,Los Angeles,California,90036,West,OFF-PA-10000277,Office Supplies,Paper,Southworth Fine Parchment Paper,82.59,2,0.3,-24.52,2025,10,October,Q4,-0.2969
CA-2025-100278,2025-10-19,2025-10-21,First Class,CO-96182,Customer 96182,Consumer,Minneapolis,Minnesota,55401,Central,OFF-BI-10000278,Office Supplies,Binders,Avery Durable View Binder,45.98,1,0.5,-2.71,2025,10,October,Q4,-0.0589
CA-2025-100279,2025-11-15,2025-11-20,Standard Class,CO-77147,Customer 77147,Corporate,Detroit,Michigan,48201,Central,OFF-BI-10000279,Office Supplies,Binders,Avery Durable View Binder,22.12,1,0.2,7.18,2025,11,November,Q4,0.3246
CA-2025-100280,2025-12-22,2025-12-24,Second Class,HO-33306,Customer 33306,Home Office,Houston,Texas,77002,Central,OFF-BI-10000280,Office Supplies,Binders,Unknown Product,339.7,6,0.2,108.6,2025,12,December,Q4,0.3197
CA-2025-100281,2025-06-27,2025-06-30,First Class,CO-11673,Customer 11673,Consumer,Los Angeles,California,90036,West,OFF-ST-10000281,Office Supplies,Storage,Tenex File Box,102.36,4,0.0,16.85,2025,6,June,Q2,0.1646
CA-2025-100282,2025-06-09,2025-06-11,Standard Class,CO-36738,Customer 36738,Corporate,Portland,Oregon,00000,West,TEC-PH-10000282,Technology,Phones,Samsung Galaxy S24 Ultra,3418.14,3,0.0,1243.26,2025,6,June,Q2,0.3637
CA-2025-100283,2025-02-26,2025-03-02,Second Class,CO-60014,Customer 60014,Consumer,Nashville,Tennessee,37203,South,TEC-CO-10000283,Technology,Copiers,Brother Multifunction Copier,525.96,3,0.0,209.09,2025,2,February,Q1,0.3975
CA-2025-100284,2025-09-28,2025-10-03,First Class,HO-94886,Customer 94886,Home Office,Chicago,Illinois,60611,Central,OFF-AR-10000284,Office Supplies,Art,Fiskars Scissors,494.64,9,0.0,215.16,2025,9,September,Q3,0.435
CA-2025-100285,2025-01-24,2025-01-27,Standard Class,CO-82954,Customer 82954,Consumer,Chicago,Illinois,60611,Central,FUR-TA-10000285,Furniture,Tables,Beverage Air Work Table,695.43,3,0.0,77.53,2025,1,January,Q1,0.1115
CA-2025-100286,2025-08-11,2025-08-14,Second Class,CO-96755,Customer 96755,Corporate,Minneapolis,Minnesota,55401,Central,OFF-BI-10000286,Office Supplies,Binders,GBC ComboBind Spines,31.8,3,0.0,13.76,2025,8,August,Q3,0.4327
CA-2025-100287,2025-09-17,2025-09-18,Standard Class,CO-80390,Customer 80390,Consumer,Miami,Florida,33101,South,OFF-AR-10000287,Office Supplies,Art,Fiskars Scissors,20.54,1,0.5,-3.38,2025,9,September,Q3,-0.1646
CA-2025-100288,2025-05-16,2025-05-23,First Class,HO-11153,Customer 11153,Home Office,Portland,Oregon,97201,West,OFF-AP-10000288,Office Supplies,Appliances,Avanti Compact Refrigerator,110.4,1,0.0,44.63,2025,5,May,Q2,0.4043
CA-2025-100289,2025-09-13,2025-09-19,First Class,CO-80809,Customer 80809,Consumer,Houston,Texas,77002,Central,TEC-CO-10000289,Technology,Copiers,Brother Multifunction Copier,2447.88,2,0.0,1001.95,2025,9,September,Q3,0.4093
CA-2025-100290,2025-01-07,2025-01-10,Standard Class,CO-80513,Customer 80513,Consumer,Los Angeles,California,90036,West,FUR-BO-10000290,Furniture,Bookcases,O'Sullivan 2-Door Bookcase,283.32,1,0.0,93.81,2025,1,January,Q1,0.3311
CA-2025-100291,2025-01-24,2025-01-28,Second Class,HO-99921,Customer 99921,Home Office,New York City,New York,00000,East,OFF-LA-10000291,Office Supplies,Labels,Avery Mailing Labels,9.86,1,0.2,2.69,2025,1,January,Q1,0.2728
CA-2025-100292,2025-11-19,2025-11-24,First Class,CO-69129,Customer 69129,Consumer,Nashville,Tennessee,37203,South,OFF-PA-10000292,Office Supplies,Paper,Southworth Fine Parchment Paper,12.77,1,0.2,0.96,2025,11,November,Q4,0.0752
CA-2025-100293,2025-06-24,2025-06-27,Second Class,CO-75907,Customer 75907,Consumer,Portland,Oregon,97201,West,OFF-LA-10000293,Office Supplies,Labels,Brother Label Tape,48.84,4,0.0,10.16,2025,6,June,Q2,0.208
CA-2025-100294,2025-03-22,2025-03-23,Standard Class,CO-61248,Customer 61248,Consumer,Chicago,Illinois,60611,Central,FUR-TA-10000294,Furniture,Tables,Beverage Air Work Table,1063.32,3,0.0,55.31,2025,3,March,Q1,0.052
CA-2025-100295,2025-08-20,2025-08-23,Standard Class,CO-37532,Customer 37532,Consumer,Chicago,Illinois,60611,Central,OFF-AP-10000295,Office Supplies,Appliances,Avanti Compact Refrigerator,16.93,1,0.1,2.56,2025,8,August,Q3,0.1512
CA-2025-100296,2025-11-04,2025-11-06,Second Class,HO-81939,Customer 81939,Home Office,Miami,Florida,33101,South,FUR-CH-10000296,Furniture,Chairs,Novimex Swivel Chair,312.03,3,0.0,56.9,2025,11,November,Q4,0.1824
CA-2025-100297,2025-04-05,2025-04-09,Standard Class,CO-19149,Customer 19149,Consumer,Philadelphia,Pennsylvania,19104,East,OFF-LA-10000297,Office Supplies,Labels,Brother Label Tape,239.43,3,0.0,66.26,2025,4,April,Q2,0.2767
CA-2025-100298,2025-09-26,2025-09-29,Standard Class,CO-42266,Customer 42266,Consumer,Columbus,Ohio,43215,East,FUR-TA-10000298,Furniture,Tables,Beverage Air Work Table,847.54,2,0.0,193.36,2025,9,September,Q3,0.2281
CA-2025-100299,2025-02-25,2025-02-28,Standard Class,CO-89511,Customer 89511,Consumer,Portland,Oregon,97201,West,TEC-AC-10000299,Technology,Accessories,Anker USB-C Hub 8-in-1,2342.65,5,0.0,187.79,2025,2,February,Q1,0.0802
CA-2025-100300,2025-01-01,2025-01-06,Second Class,HO-85877,Customer 85877,Home Office,Atlanta,Georgia,30303,South,TEC-CO-10000300,Technology,Copiers,Brother Multifunction Copier,2432.84,2,0.1,266.28,2025,1,January,Q1,0.1095
CA-2025-100301,2025-08-13,2025-08-15,Second Class,CO-48141,Customer 48141,Corporate,Columbus,Ohio,43215,East,OFF-ST-10000301,Office Supplies,Storage,Sterilite Plastic Tubs,44.94,1,0.0,19.58,2025,8,August,Q3,0.4357
CA-2025-100302,2025-09-20,2025-09-24,Second Class,CO-30869,Customer 30869,Consumer,Boston,Massachusetts,02108,East,OFF-PA-10000302,Office Supplies,Paper,Hammermill Color Copy Paper,27.08,4,0.0,4.22,2025,9,September,Q3,0.1558
CA-2025-100303,2025-10-08,2025-10-09,Standard Class,HO-57349,Customer 57349,Home Office,Nashville,Tennessee,37203,South,TEC-PH-10000303,Technology,Phones,iPhone 15 Pro Max,2356.53,2,0.2,609.28,2025,10,October,Q4,0.2585
CA-2025-100304,2025-10-27,2025-10-29,Second Class,CO-84732,Customer 84732,Corporate,Columbus,Ohio,43215,East,OFF-LA-10000304,Office Supplies,Labels,Brother Label Tape,316.36,4,0.0,63.44,2025,10,October,Q4,0.2005
CA-2025-100305,2025-12-08,2025-12-11,Standard Class,HO-73813,Customer 73813,Home Office,Miami,Florida,33101,South,OFF-AR-10000305,Office Supplies,Art,Sharpie Highlighter Set,19.39,1,0.1,2.61,2025,12,December,Q4,0.1346
CA-2025-100306,2025-08-06,2025-08-08,Second Class,HO-96652,Customer 96652,Home Office,Columbus,Ohio,43215,East,TEC-PH-10000306,Technology,Phones,Motorola Edge 50,2090.64,2,0.0,645.81,2025,8,August,Q3,0.3089
CA-2025-100307,2025-06-14,2025-06-15,Standard Class,CO-31119,Customer 31119,Corporate,New York City,New York,10011,East,TEC-AC-10000307,Technology,Accessories,Logitech MX Master 3S Mouse,1997.28,6,0.0,423.79,2025,6,June,Q2,0.2122
CA-2025-100308,2025-11-19,2025-11-23,First Class,CO-47152,Customer 47152,Corporate,Seattle,Washington,98103,West,OFF-PA-10000308,Office Supplies,Paper,Hammermill Color Copy Paper,79.67,4,0.1,29.31,2025,11,November,Q4,0.3679
CA-2025-100309,2025-05-27,2025-05-31,Second Class,CO-31983,Customer 31983,Corporate,Minneapolis,Minnesota,55401,Central,OFF-ST-10000309,Office Supplies,Storage,Fellowes Bankers Box,46.63,1,0.0,12.08,2025,5,May,Q2,0.2591
CA-2025-100310,2025-07-17,2025-07-21,First Class,CO-33255,Customer 33255,Corporate,Miami,Florida,33101,South,TEC-PH-10000310,Technology,Phones,iPhone 15 Pro Max,697.63,1,0.1,265.8,2025,7,July,Q3,0.381
CA-2025-100311,2025-02-25,2025-03-01,Standard Class,CO-15693,Customer 15693,Consumer,Atlanta,Georgia,30303,South,TEC-MA-10000311,Technology,Machines,Dymo LabelWriter 450 Turbo,1654.02,4,0.3,-163.49,2025,2,February,Q1,-0.0988
CA-2025-100312,2025-01-19,2025-01-20,Standard Class,CO-40475,Customer 40475,Consumer,Portland,Oregon,97201,West,OFF-BI-10000312,Office Supplies,Binders,GBC ComboBind Spines,25.94,1,0.2,1.37,2025,1,January,Q1,0.0528
CA-2025-100313,2025-12-17,2025-12-19,Standard Class,CO-51405,Customer 51405,Corporate,Charlotte,North Carolina,28202,South,FUR-FU-10000313,Furniture,Furnishings,Luxo Task Lamp,387.44,2,0.0,114.2,2025,12,December,Q4,0.2948
CA-2025-100314,2025-11-22,2025-11-25,Standard Class,CO-83080,Customer 83080,Corporate,Atlanta,Georgia,30303,South,OFF-BI-10000314,Office Supplies,Binders,GBC ComboBind Spines,63.9,2,0.0,21.23,2025,11,November,Q4,0.3322
CA-2025-100315,2025-10-24,2025-10-26,First Class,CO-40116,Customer 40116,Consumer,Atlanta,Georgia,30303,South,FUR-FU-10000315,Furniture,Furnishings,Luxo Task Lamp,1324.27,3,0.1,93.79,2025,10,October,Q4,0.0708
CA-2025-100316,2025-07-13,2025-07-20,Standard Class,CO-29048,Customer 29048,Consumer,Nashville,Tennessee,37203,South,FUR-TA-10000316,Furniture,Tables,Beverage Air Work Table,609.5,3,0.2,257.38,2025,7,July,Q3,0.4223
CA-2025-100317,2025-03-13,2025-03-17,Standard Class,CO-88311,Customer 88311,Corporate,Seattle,Washington,98103,West,OFF-PA-10000317,Office Supplies,Paper,Xerox 228 Premium Copy Paper,61.92,3,0.2,10.18,2025,3,March,Q1,0.1644
CA-2025-100318,2025-03-02,2025-03-06,Standard Class,CO-90634,Customer 90634,Corporate,New York City,New York,10011,East,OFF-AP-10000318,Office Supplies,Appliances,Hoover WindTunnel Vacuum,117.13,1,0.0,24.57,2025,3,March,Q1,0.2098
CA-2025-100319,2025-05-22,2025-05-25,Standard Class,CO-18993,Customer 18993,Corporate,Portland,Oregon,97201,West,OFF-BI-10000319,Office Supplies,Binders,Avery Durable View Binder,301.56,7,0.0,88.22,2025,5,May,Q2,0.2925
CA-2025-100320,2025-09-07,2025-09-10,Standard Class,CO-32942,Customer 32942,Consumer,Miami,Florida,33101,South,OFF-BI-10000320,Office Supplies,Binders,GBC ComboBind Spines,42.12,1,0.0,6.45,2025,9,September,Q3,0.1531
CA-2025-100321,2025-10-18,2025-10-23,Standard Class,CO-59424,Customer 59424,Corporate,Atlanta,Georgia,30303,South,OFF-PA-10000321,Office Supplies,Paper,Unknown Product,169.11,3,0.0,16.32,2025,10,October,Q4,0.0965
CA-2025-100322,2025-10-03,2025-10-06,Second Class,CO-40137,Customer 40137,Consumer,Minneapolis,Minnesota,55401,Central,TEC-PH-10000322,Technology,Phones,Google Pixel 8 Pro,402.8,1,0.1,152.43,2025,10,October,Q4,0.3784
CA-2025-100323,2025-05-03,2025-05-06,Standard Class,CO-38647,Customer 38647,Consumer,Chicago,Illinois,60611,Central,TEC-AC-10000323,Technology,Accessories,Keychron K2 Mechanical Keyboard,1131.96,1,0.0,176.77,2025,5,May,Q2,0.1562
CA-2025-100324,2025-12-08,2025-12-10,Standard Class,CO-30446,Customer 30446,Corporate,Los Angeles,California,90036,West,TEC-MA-10000324,Technology,Machines,3M Laminating Machine,273.18,5,0.5,-26.12,2025,12,December,Q4,-0.0956
CA-2025-100325,2025-11-12,2025-11-16,Standard Class,HO-85303,Customer 85303,Home Office,Minneapolis,Minnesota,55401,Central,FUR-TA-10000325,Furniture,Tables,Bienna Executive Dining Table,516.45,3,0.0,190.94,2025,11,November,Q4,0.3697
CA-2025-100326,2025-09-16,2025-09-22,Standard Class,CO-99959,Customer 99959,Consumer,Columbus,Ohio,43215,East,TEC-MA-10000326,Technology,Machines,Dymo LabelWriter 450 Turbo,1064.89,1,0.0,300.73,2025,9,September,Q3,0.2824
CA-2025-100327,2025-09-11,2025-09-14,First Class,CO-44452,Customer 44452,Consumer,Philadelphia,Pennsylvania,19104,East,OFF-BI-10000327,Office Supplies,Binders,GBC ComboBind Spines,90.36,2,0.0,29.84,2025,9,September,Q3,0.3302
CA-2025-100328,2025-07-12,2025-07-15,Standard Class,CO-84895,Customer 84895,Consumer,Boston,Massachusetts,02108,East,TEC-CO-10000328,Technology,Copiers,Canon ImageClass Laser Copier,4387.4,5,0.0,1623.4,2025,7,July,Q3,0.37
CA-2025-100329,2025-05-24,2025-05-26,First Class,CO-75483,Customer 75483,Consumer,Philadelphia,Pennsylvania,19104,East,OFF-LA-10000329,Office Supplies,Labels,Dymo Address Labels,204.99,3,0.0,66.87,2025,5,May,Q2,0.3262
CA-2025-100330,2025-06-02,2025-06-04,Standard Class,HO-22622,Customer 22622,Home Office,Charlotte,North Carolina,28202,South,FUR-TA-10000330,Furniture,Tables,Balt Training Table,1426.48,4,0.0,306.27,2025,6,June,Q2,0.2147
CA-2025-100331,2025-11-12,2025-11-17,Same Day,CO-85483,Customer 85483,Consumer,Philadelphia,Pennsylvania,19104,East,OFF-AP-10000331,Office Supplies,Appliances,Avanti Compact Refrigerator,124.99,3,0.3,-29.46,2025,11,November,Q4,-0.2357
CA-2025-100332,2025-01-10,2025-01-13,Same Day,HO-93962,Customer 93962,Home Office,Minneapolis,Minnesota,55401,Central,OFF-BI-10000332,Office Supplies,Binders,GBC ComboBind Spines,102.17,1,0.0,14.44,2025,1,January,Q1,0.1413
CA-2025-100333,2025-03-11,2025-03-15,Second Class,CO-61833,Customer 61833,Corporate,Minneapolis,Minnesota,55401,Central,OFF-LA-10000333,Office Supplies,Labels,Brother Label Tape,498.82,7,0.0,61.63,2025,3,March,Q1,0.1236
CA-2025-100334,2025-01-01,2025-01-03,Standard Class,CO-20494,Customer 20494,Consumer,Boston,Massachusetts,02108,East,OFF-ST-10000334,Office Supplies,Storage,Tenex File Box,225.08,2,0.0,80.66,2025,1,January,Q1,0.3584
CA-2025-100335,2025-01-17,2025-01-21,Standard Class,CO-30352,Customer 30352,Consumer,Phoenix,Arizona,85001,West,OFF-AR-10000335,Office Supplies,Art,Fiskars Scissors,54.29,1,0.0,6.42,2025,1,January,Q1,0.1183
CA-2025-100336,2025-11-02,2025-11-06,First Class,CO-72410,Customer 72410,Consumer,Charlotte,North Carolina,28202,South,OFF-AR-10000336,Office Supplies,Art,Crayola Markers 8ct,114.75,2,0.2,46.01,2025,11,November,Q4,0.401
CA-2025-100337,2025-10-14,2025-10-17,Second Class,CO-55504,Customer 55504,Consumer,Atlanta,Georgia,30303,South,TEC-MA-10000337,Technology,Machines,Dymo LabelWriter 450 Turbo,612.1,1,0.0,30.63,2025,10,October,Q4,0.05
CA-2025-100338,2025-08-27,2025-08-31,Standard Class,CO-80136,Customer 80136,Consumer,Phoenix,Arizona,85001,West,TEC-MA-10000338,Technology,Machines,Dymo LabelWriter 450 Turbo,225.58,2,0.0,32.14,2025,8,August,Q3,0.1425
CA-2025-100339,2025-02-01,2025-02-04,Standard Class,HO-67292,Customer 67292,Home Office,Atlanta,Georgia,30303,South,FUR-FU-10000339,Furniture,Furnishings,Floor Mat,154.2,1,0.1,39.57,2025,2,February,Q1,0.2566
CA-2025-100340,2025-08-26,2025-09-01,First Class,CO-47313,Customer 47313,Corporate,Minneapolis,Minnesota,55401,Central,FUR-CH-10000340,Furniture,Chairs,Harbour Executive Leather Armchair,125.14,1,0.0,28.92,2025,8,August,Q3,0.2311
CA-2025-100341,2025-08-23,2025-08-27,Standard Class,CO-16505,Customer 16505,Consumer,Seattle,Washington,98103,West,TEC-CO-10000341,Technology,Copiers,Hewlett Packard LaserJet Copier,550.1,2,0.0,47.35,2025,8,August,Q3,0.0861
CA-2025-100342,2025-03-01,2025-03-04,Standard Class,CO-75325,Customer 75325,Consumer,Minneapolis,Minnesota,55401,Central,OFF-ST-10000342,Office Supplies,Storage,Stur-D-Stor Shelving,45.88,4,0.0,7.18,2025,3,March,Q1,0.1565
CA-2025-100343,2025-07-13,2025-07-14,Standard Class,CO-42778,Customer 42778,Consumer,Miami,Florida,33101,South,FUR-BO-10000343,Furniture,Bookcases,Bush Somerset 3-Shelf Bookcase,758.67,2,0.2,48.1,2025,7,July,Q3,0.0634
CA-2025-100344,2025-07-15,2025-07-19,Standard Class,CO-37321,Customer 37321,Corporate,Nashville,Tennessee,37203,South,OFF-LA-10000344,Office Supplies,Labels,Dymo Address Labels,49.73,3,0.2,13.42,2025,7,July,Q3,0.2699
CA-2025-100345,2025-09-04,2025-09-06,Second Class,CO-16827,Customer 16827,Consumer,New York City,New York,10011,East,FUR-FU-10000345,Furniture,Furnishings,Luxo Task Lamp,233.16,4,0.0,48.57,2025,9,September,Q3,0.2083
CA-2025-100346,2025-10-08,2025-10-09,Standard Class,CO-72294,Customer 72294,Corporate,Philadelphia,Pennsylvania,19104,East,OFF-AR-10000346,Office Supplies,Art,Crayola Markers 8ct,182.97,3,0.0,80.12,2025,10,October,Q4,0.4379
CA-2025-100347,2025-01-25,2025-01-29,Standard Class,CO-80300,Customer 80300,Corporate,Seattle,Washington,98103,West,OFF-LA-10000347,Office Supplies,Labels,Brother Label Tape,304.16,4,0.2,68.58,2025,1,January,Q1,0.2255
CA-2025-100348,2025-06-07,2025-06-08,Standard Class,CO-42859,Customer 42859,Corporate,Phoenix,Arizona,85001,West,OFF-BI-10000348,Office Supplies,Binders,GBC ComboBind Spines,132.08,2,0.0,35.32,2025,6,June,Q2,0.2674
CA-2025-100349,2025-09-11,2025-09-15,Standard Class,HO-82682,Customer 82682,Home Office,New York City,New York,10011,East,OFF-PA-10000349,Office Supplies,Paper,Hammermill Color Copy Paper,197.38,2,0.0,71.13,2025,9,September,Q3,0.3604
CA-2025-100350,2025-08-17,2025-08-20,Standard Class,CO-57720,Customer 57720,Consumer,Philadelphia,Pennsylvania,19104,East,OFF-AP-10000350,Office Supplies,Appliances,Avanti Compact Refrigerator,88.79,1,0.1,31.64,2025,8,August,Q3,0.3563
CA-2025-100351,2025-11-05,2025-11-09,Standard Class,CO-24478,Customer 24478,Corporate,Los Angeles,California,90036,West,FUR-BO-10000351,Furniture,Bookcases,Atlantic Metal 4-Shelf Bookcase,530.42,1,0.0,47.47,2025,11,November,Q4,0.0895
CA-2025-100352,2025-10-19,2025-10-23,Standard Class,CO-91785,Customer 91785,Consumer,Houston,Texas,77002,Central,OFF-BI-10000352,Office Supplies,Binders,Avery Durable View Binder,62.16,6,0.0,15.33,2025,10,October,Q4,0.2466
CA-2025-100353,2025-03-27,2025-03-28,First Class,CO-83140,Customer 83140,Consumer,Charlotte,North Carolina,28202,South,OFF-ST-10000353,Office Supplies,Storage,Stur-D-Stor Shelving,154.61,3,0.2,12.55,2025,3,March,Q1,0.0812
CA-2025-100354,2025-02-07,2025-02-14,Standard Class,CO-79685,Customer 79685,Corporate,Atlanta,Georgia,30303,South,FUR-BO-10000354,Furniture,Bookcases,O'Sullivan 2-Door Bookcase,315.14,1,0.2,68.09,2025,2,February,Q1,0.2161
CA-2025-100355,2025-10-04,2025-10-08,Standard Class,CO-97194,Customer 97194,Corporate,Miami,Florida,33101,South,FUR-BO-10000355,Furniture,Bookcases,O'Sullivan 2-Door Bookcase,541.72,2,0.0,243.43,2025,10,October,Q4,0.4494
CA-2025-100356,2025-01-15,2025-01-21,First Class,CO-52553,Customer 52553,Corporate,Minneapolis,Minnesota,55401,Central,OFF-PA-10000356,Office Supplies,Paper,Southworth Fine Parchment Paper,40.17,1,0.0,8.04,2025,1,January,Q1,0.2001
CA-2025-100357,2025-09-18,2025-09-24,Standard Class,HO-68654,Customer 68654,Home Office,Miami,Florida,33101,South,OFF-LA-10000357,Office Supplies,Labels,Brother Label Tape,2.74,1,0.3,-0.95,2025,9,September,Q3,-0.3467
CA-2025-100358,2025-12-08,2025-12-10,Standard Class,CO-46170,Customer 46170,Corporate,New York City,New York,10011,East,FUR-TA-10000358,Furniture,Tables,Beverage Air Work Table,252.24,2,0.0,36.12,2025,12,December,Q4,0.1432
CA-2025-100359,2025-09-26,2025-09-29,Standard Class,CO-38499,Customer 38499,Corporate,Portland,Oregon,97201,West,OFF-AR-10000359,Office Supplies,Art,Sharpie Highlighter Set,298.29,3,0.0,123.21,2025,9,September,Q3,0.4131
CA-2025-100360,2025-07-20,2025-07-24,Standard Class,HO-60010,Customer 60010,Home Office,Los Angeles,California,90036,West,TEC-CO-10000360,Technology,Copiers,Hewlett Packard LaserJet Copier,1864.39,2,0.3,-585.12,2025,7,July,Q3,-0.3138
CA-2025-100361,2025-10-25,2025-10-27,Second Class,CO-11498,Customer 11498,Corporate,Miami,Florida,33101,South,OFF-ST-10000361,Office Supplies,Storage,Stur-D-Stor Shelving,65.71,1,0.0,9.09,2025,10,October,Q4,0.1383
CA-2025-100362,2025-07-02,2025-07-06,Same Day,HO-88005,Customer 88005,Home Office,Seattle,Washington,98103,West,OFF-PA-10000362,Office Supplies,Paper,Xerox 228 Premium Copy Paper,17.6,1,0.0,1.23,2025,7,July,Q3,0.0699
CA-2025-100363,2025-09-13,2025-09-15,Standard Class,CO-27088,Customer 27088,Consumer,Columbus,Ohio,43215,East,OFF-PA-10000363,Office Supplies,Paper,Hammermill Color Copy Paper,71.07,1,0.1,24.47,2025,9,September,Q3,0.3443
CA-2025-100364,2025-12-08,2025-12-10,Standard Class,CO-99749,Customer 99749,Consumer,Los Angeles,California,90036,West,OFF-PA-10000364,Office Supplies,Paper,Hammermill Color Copy Paper,86.2,2,0.0,5.14,2025,12,December,Q4,0.0596
CA-2025-100365,2025-07-10,2025-07-12,Standard Class,HO-67961,Customer 67961,Home Office,Columbus,Ohio,43215,East,FUR-BO-10000365,Furniture,Bookcases,Atlantic Metal 4-Shelf Bookcase,341.56,1,0.2,28.8,2025,7,July,Q3,0.0843
CA-2025-100366,2025-12-24,2025-12-25,First Class,HO-47707,Customer 47707,Home Office,Portland,Oregon,97201,West,OFF-ST-10000366,Office Supplies,Storage,Stur-D-Stor Shelving,55.11,1,0.0,14.62,2025,12,December,Q4,0.2653
CA-2025-100367,2025-12-07,2025-12-10,Second Class,CO-91663,Customer 91663,Corporate,New York City,New York,10011,East,OFF-AP-10000367,Office Supplies,Appliances,Avanti Compact Refrigerator,7.13,1,0.0,2.61,2025,12,December,Q4,0.3661
CA-2025-100368,2025-04-20,2025-04-22,Standard Class,HO-18729,Customer 18729,Home Office,Charlotte,North Carolina,28202,South,OFF-AP-10000368,Office Supplies,Appliances,Krups 12-Cup Coffee Maker,72.79,1,0.3,-11.3,2025,4,April,Q2,-0.1552
CA-2025-100369,2025-02-08,2025-02-15,Standard Class,CO-51347,Customer 51347,Corporate,Miami,Florida,33101,South,FUR-FU-10000369,Furniture,Furnishings,Eldon Desktop Organizer,431.16,6,0.0,106.05,2025,2,February,Q1,0.246
CA-2025-100370,2025-02-24,2025-02-26,Standard Class,CO-91950,Customer 91950,Consumer,Chicago,Illinois,60611,Central,TEC-CO-10000370,Technology,Copiers,Canon ImageClass Laser Copier,3416.38,5,0.3,-360.57,2025,2,February,Q1,-0.1055
CA-2025-100371,2025-01-01,2025-01-07,First Class,CO-54798,Customer 54798,Consumer,Atlanta,Georgia,30303,South,FUR-FU-10000371,Furniture,Furnishings,DAX Black Wood Picture Frame,838.59,3,0.0,146.71,2025,1,January,Q1,0.1749
CA-2025-100372,2025-02-20,2025-02-23,Standard Class,CO-28163,Customer 28163,Consumer,Boston,Massachusetts,02108,East,OFF-AP-10000372,Office Supplies,Appliances,Avanti Compact Refrigerator,153.06,2,0.3,-18.21,2025,2,February,Q1,-0.119
CA-2025-100373,2025-10-21,2025-10-27,First Class,CO-83051,Customer 83051,Consumer,Seattle,Washington,98103,West,OFF-AR-10000373,Office Supplies,Art,Dixon Ticonderoga Pencils,461.6,5,0.0,99.01,2025,10,October,Q4,0.2145
CA-2025-100374,2025-02-15,2025-02-19,First Class,CO-45887,Customer 45887,Corporate,Boston,Massachusetts,02108,East,FUR-BO-10000374,Furniture,Bookcases,Atlantic Metal 4-Shelf Bookcase,1408.05,3,0.0,389.77,2025,2,February,Q1,0.2768
CA-2025-100375,2025-06-08,2025-06-11,Standard Class,CO-20417,Customer 20417,Consumer,Atlanta,Georgia,30303,South,OFF-BI-10000375,Office Supplies,Binders,GBC ComboBind Spines,120.43,2,0.3,-24.4,2025,6,June,Q2,-0.2026
CA-2025-100376,2025-11-05,2025-11-07,Standard Class,CO-11967,Customer 11967,Consumer,Minneapolis,Minnesota,55401,Central,FUR-BO-10000376,Furniture,Bookcases,Atlantic Metal 4-Shelf Bookcase,259.11,6,0.5,-23.28,2025,11,November,Q4,-0.0898
CA-2025-100377,2025-01-16,2025-01-20,First Class,HO-66040,Customer 66040,Home Office,Miami,Florida,33101,South,OFF-PA-10000377,Office Supplies,Paper,Southworth Fine Parchment Paper,93.41,3,0.2,26.86,2025,1,January,Q1,0.2875
CA-2025-100378,2025-11-17,2025-11-21,Second Class,CO-24328,Customer 24328,Consumer,Nashville,Tennessee,37203,South,TEC-PH-10000378,Technology,Phones,Samsung Galaxy S24 Ultra,1321.89,2,0.2,360.98,2025,11,November,Q4,0.2731
CA-2025-100379,2025-05-17,2025-05-21,Same Day,CO-67613,Customer 67613,Consumer,Charlotte,North Carolina,28202,South,OFF-LA-10000379,Office Supplies,Labels,Dymo Address Labels,15.15,1,0.3,-2.17,2025,5,May,Q2,-0.1432
CA-2025-100380,2025-03-05,2025-03-08,Second Class,CO-75622,Customer 75622,Consumer,Seattle,Washington,98103,West,OFF-AP-10000380,Office Supplies,Appliances,Avanti Compact Refrigerator,35.94,2,0.0,4.37,2025,3,March,Q1,0.1216
CA-2025-100381,2025-10-19,2025-10-24,First Class,HO-21820,Customer 21820,Home Office,Detroit,Michigan,48201,Central,OFF-AP-10000381,Office Supplies,Appliances,Hoover WindTunnel Vacuum,86.77,1,0.0,19.94,2025,10,October,Q4,0.2298
CA-2025-100382,2025-09-12,2025-09-13,Second Class,CO-77065,Customer 77065,Corporate,Columbus,Ohio,43215,East,OFF-ST-10000382,Office Supplies,Storage,Fellowes Bankers Box,296.06,3,0.1,32.58,2025,9,September,Q3,0.11
CA-2025-100383,2025-12-28,2025-12-30,Second Class,CO-50378,Customer 50378,Consumer,Minneapolis,Minnesota,55401,Central,FUR-BO-10000383,Furniture,Bookcases,Atlantic Metal 4-Shelf Bookcase,3809.4,7,0.0,1356.75,2025,12,December,Q4,0.3562
CA-2025-100384,2025-11-01,2025-11-04,First Class,CO-10753,Customer 10753,Corporate,Atlanta,Georgia,30303,South,FUR-FU-10000384,Furniture,Furnishings,Floor Mat,248.02,1,0.1,36.68,2025,11,November,Q4,0.1479
CA-2025-100385,2025-11-18,2025-11-20,Second Class,HO-37215,Customer 37215,Home Office,Seattle,Washington,98103,West,FUR-TA-10000385,Furniture,Tables,Beverage Air Work Table,129.96,1,0.0,37.86,2025,11,November,Q4,0.2913
CA-2025-100386,2025-05-11,2025-05-17,Standard Class,CO-33363,Customer 33363,Consumer,Philadelphia,Pennsylvania,19104,East,OFF-AP-10000386,Office Supplies,Appliances,Avanti Compact Refrigerator,288.84,4,0.0,67.05,2025,5,May,Q2,0.2321
CA-2025-100387,2025-03-19,2025-03-22,Standard Class,CO-52312,Customer 52312,Corporate,Minneapolis,Minnesota,55401,Central,TEC-MA-10000387,Technology,Machines,3M Laminating Machine,381.8,2,0.0,150.34,2025,3,March,Q1,0.3938
CA-2025-100388,2025-11-11,2025-11-14,Standard Class,CO-90223,Customer 90223,Corporate,Los Angeles,California,90036,West,OFF-AP-10000388,Office Supplies,Appliances,Avanti Compact Refrigerator,213.28,2,0.1,90.34,2025,11,November,Q4,0.4236
CA-2025-100389,2025-11-23,2025-11-25,Second Class,CO-78864,Customer 78864,Consumer,Chicago,Illinois,60611,Central,OFF-PA-10000389,Office Supplies,Paper,Southworth Fine Parchment Paper,140.86,2,0.2,56.83,2025,11,November,Q4,0.4035
CA-2025-100390,2025-12-08,2025-12-12,Same Day,CO-13143,Customer 13143,Consumer,Miami,Florida,33101,South,OFF-AR-10000390,Office Supplies,Art,Sharpie Highlighter Set,101.72,2,0.0,31.02,2025,12,December,Q4,0.305
CA-2025-100391,2025-07-01,2025-07-05,Second Class,CO-18891,Customer 18891,Consumer,Detroit,Michigan,48201,Central,OFF-LA-10000391,Office Supplies,Labels,Avery Mailing Labels,30.86,2,0.0,8.57,2025,7,July,Q3,0.2777
CA-2025-100392,2025-06-01,2025-06-06,Standard Class,HO-98142,Customer 98142,Home Office,Nashville,Tennessee,37203,South,OFF-AP-10000392,Office Supplies,Appliances,Hoover WindTunnel Vacuum,123.52,3,0.3,-23.33,2025,6,June,Q2,-0.1889
CA-2025-100393,2025-11-11,2025-11-14,First Class,HO-17342,Customer 17342,Home Office,Detroit,Michigan,48201,Central,OFF-ST-10000393,Office Supplies,Storage,Fellowes Bankers Box,98.18,2,0.3,-10.92,2025,11,November,Q4,-0.1112
CA-2025-100394,2025-06-03,2025-06-10,Standard Class,CO-59183,Customer 59183,Consumer,Columbus,Ohio,43215,East,FUR-CH-10000394,Furniture,Chairs,Novimex Swivel Chair,875.8,2,0.0,188.78,2025,6,June,Q2,0.2156
CA-2025-100395,2025-12-16,2025-12-21,Standard Class,HO-49666,Customer 49666,Home Office,Philadelphia,Pennsylvania,19104,East,FUR-TA-10000395,Furniture,Tables,Beverage Air Work Table,2388.9,5,0.0,143.27,2025,12,December,Q4,0.06
CA-2025-100396,2025-11-16,2025-11-22,Standard Class,CO-73369,Customer 73369,Consumer,Detroit,Michigan,48201,Central,FUR-CH-10000396,Furniture,Chairs,Harbour Executive Leather Armchair,162.85,1,0.0,64.48,2025,11,November,Q4,0.3959
CA-2025-100397,2025-07-04,2025-07-05,First Class,CO-87894,Customer 87894,Corporate,Portland,Oregon,97201,West,OFF-ST-10000397,Office Supplies,Storage,Tenex File Box,190.29,3,0.0,53.48,2025,7,July,Q3,0.281
CA-2025-100398,2025-11-10,2025-11-14,Standard Class,CO-47560,Customer 47560,Consumer,Detroit,Michigan,48201,Central,OFF-AP-10000398,Office Supplies,Appliances,Hoover WindTunnel Vacuum,34.17,1,0.0,14.81,2025,11,November,Q4,0.4334
CA-2025-100399,2025-11-18,2025-11-21,Standard Class,CO-51744,Customer 51744,Consumer,Chicago,Illinois,60611,Central,TEC-CO-10000399,Technology,Copiers,Brother Multifunction Copier,398.48,1,0.1,73.92,2025,11,November,Q4,0.1855
CA-2025-100400,2025-02-15,2025-02-16,Standard Class,HO-16613,Customer 16613,Home Office,Phoenix,Arizona,85001,West,FUR-FU-10000400,Furniture,Furnishings,Floor Mat,445.32,3,0.0,171.21,2025,2,February,Q1,0.3845
CA-2025-100401,2025-12-23,2025-12-26,Standard Class,CO-35971,Customer 35971,Consumer,Phoenix,Arizona,85001,West,OFF-ST-10000401,Office Supplies,Storage,Sterilite Plastic Tubs,24.26,2,0.1,8.65,2025,12,December,Q4,0.3566
CA-2025-100402,2025-08-16,2025-08-18,Standard Class,HO-90863,Customer 90863,Home Office,Detroit,Michigan,48201,Central,OFF-AP-10000402,Office Supplies,Appliances,Avanti Compact Refrigerator,204.9,5,0.0,50.2,2025,8,August,Q3,0.245
CA-2025-100403,2025-11-03,2025-11-06,Standard Class,CO-32387,Customer 32387,Consumer,Detroit,Michigan,48201,Central,OFF-AR-10000403,Office Supplies,Art,Dixon Ticonderoga Pencils,149.61,3,0.0,40.76,2025,11,November,Q4,0.2724
CA-2025-100404,2025-06-03,2025-06-07,Standard Class,CO-64190,Customer 64190,Consumer,Boston,Massachusetts,02108,East,OFF-PA-10000404,Office Supplies,Paper,Hammermill Color Copy Paper,8.82,1,0.1,1.96,2025,6,June,Q2,0.2222
CA-2025-100405,2025-12-14,2025-12-17,Standard Class,CO-32686,Customer 32686,Corporate,Phoenix,Arizona,85001,West,FUR-FU-10000405,Furniture,Furnishings,Luxo Task Lamp,1421.2,4,0.0,614.46,2025,12,December,Q4,0.4324
CA-2025-100406,2025-07-03,2025-07-06,Second Class,CO-59664,Customer 59664,Corporate,Minneapolis,Minnesota,55401,Central,OFF-ST-10000406,Office Supplies,Storage,Tenex File Box,27.68,1,0.0,9.74,2025,7,July,Q3,0.3519
CA-2025-100407,2025-01-26,2025-01-27,Standard Class,CO-79632,Customer 79632,Consumer,Minneapolis,Minnesota,55401,Central,OFF-PA-10000407,Office Supplies,Paper,Xerox 228 Premium Copy Paper,131.35,5,0.0,48.3,2025,1,January,Q1,0.3677
CA-2025-100408,2025-12-22,2025-12-25,First Class,CO-55123,Customer 55123,Consumer,Los Angeles,California,90036,West,OFF-BI-10000408,Office Supplies,Binders,GBC ComboBind Spines,510.1,5,0.0,209.36,2025,12,December,Q4,0.4104
CA-2025-100409,2025-02-02,2025-02-03,Standard Class,HO-24378,Customer 24378,Home Office,Houston,Texas,77002,Central,FUR-FU-10000409,Furniture,Furnishings,Luxo Task Lamp,882.96,2,0.0,118.75,2025,2,February,Q1,0.1345
CA-2025-100410,2025-06-06,2025-06-09,Standard Class,CO-57223,Customer 57223,Consumer,Atlanta,Georgia,30303,South,FUR-BO-10000410,Furniture,Bookcases,Atlantic Metal 4-Shelf Bookcase,169.14,3,0.0,68.33,2025,6,June,Q2,0.404
CA-2025-100411,2025-12-22,2025-12-25,Same Day,CO-94180,Customer 94180,Consumer,Nashville,Tennessee,37203,South,TEC-MA-10000411,Technology,Machines,3M Laminating Machine,703.44,2,0.0,161.8,2025,12,December,Q4,0.23
CA-2025-100412,2025-12-12,2025-12-14,Standard Class,CO-75294,Customer 75294,Consumer,Philadelphia,Pennsylvania,19104,East,OFF-BI-10000412,Office Supplies,Binders,Avery Durable View Binder,362.4,8,0.0,120.3,2025,12,December,Q4,0.332
CA-2025-100413,2025-09-04,2025-09-07,Same Day,CO-78997,Customer 78997,Consumer,Minneapolis,Minnesota,55401,Central,OFF-BI-10000413,Office Supplies,Binders,Avery Durable View Binder,19.9,2,0.2,8.64,2025,9,September,Q3,0.4342
CA-2025-100414,2025-10-03,2025-10-07,Standard Class,CO-90352,Customer 90352,Corporate,Portland,Oregon,97201,West,OFF-ST-10000414,Office Supplies,Storage,Sterilite Plastic Tubs,277.9,5,0.0,50.75,2025,10,October,Q4,0.1826
CA-2025-100415,2025-07-12,2025-07-19,Second Class,CO-14630,Customer 14630,Consumer,Detroit,Michigan,48201,Central,FUR-FU-10000415,Furniture,Furnishings,DAX Black Wood Picture Frame,1095.21,3,0.0,377.79,2025,7,July,Q3,0.3449
CA-2025-100416,2025-05-01,2025-05-03,Standard Class,CO-46418,Customer 46418,Corporate,Chicago,Illinois,60611,Central,OFF-LA-10000416,Office Supplies,Labels,Dymo Address Labels,3.68,1,0.0,1.06,2025,5,May,Q2,0.288
CA-2025-100417,2025-06-05,2025-06-09,Standard Class,CO-40958,Customer 40958,Consumer,Atlanta,Georgia,30303,South,OFF-ST-10000417,Office Supplies,Storage,Stur-D-Stor Shelving,826.84,7,0.0,313.12,2025,6,June,Q2,0.3787
CA-2025-100418,2025-10-27,2025-10-30,Same Day,CO-41188,Customer 41188,Corporate,Atlanta,Georgia,30303,South,FUR-TA-10000418,Furniture,Tables,Beverage Air Work Table,1612.96,4,0.0,188.78,2025,10,October,Q4,0.117
CA-2025-100419,2025-11-13,2025-11-16,Standard Class,HO-79798,Customer 79798,Home Office,Columbus,Ohio,43215,East,OFF-PA-10000419,Office Supplies,Paper,Hammermill Color Copy Paper,65.98,2,0.0,10.92,2025,11,November,Q4,0.1655
CA-2025-100420,2025-11-26,2025-11-29,Second Class,HO-99505,Customer 99505,Home Office,Los Angeles,California,90036,West,TEC-CO-10000420,Technology,Copiers,Hewlett Packard LaserJet Copier,2864.04,3,0.0,452.89,2025,11,November,Q4,0.1581
CA-2025-100421,2025-11-26,2025-11-27,Second Class,CO-98511,Customer 98511,Consumer,Boston,Massachusetts,02108,East,OFF-AP-10000421,Office Supplies,Appliances,Avanti Compact Refrigerator,238.4,2,0.0,12.73,2025,11,November,Q4,0.0534
CA-2025-100422,2025-02-03,2025-02-04,Standard Class,CO-68450,Customer 68450,Consumer,Chicago,Illinois,60611,Central,OFF-LA-10000422,Office Supplies,Labels,Avery Mailing Labels,18.06,3,0.0,5.2,2025,2,February,Q1,0.2879
CA-2025-100423,2025-08-27,2025-08-29,Standard Class,CO-25725,Customer 25725,Consumer,Seattle,Washington,98103,West,OFF-AP-10000423,Office Supplies,Appliances,Avanti Compact Refrigerator,96.78,1,0.0,11.97,2025,8,August,Q3,0.1237
CA-2025-100424,2025-01-10,2025-01-13,First Class,CO-46226,Customer 46226,Corporate,Charlotte,North Carolina,28202,South,FUR-CH-10000424,Furniture,Chairs,Novimex Swivel Chair,954.82,2,0.0,70.68,2025,1,January,Q1,0.074
CA-2025-100425,2025-09-27,2025-09-29,Standard Class,CO-36302,Customer 36302,Consumer,Atlanta,Georgia,30303,South,OFF-ST-10000425,Office Supplies,Storage,Fellowes Bankers Box,118.42,2,0.1,10.95,2025,9,September,Q3,0.0925
CA-2025-100426,2025-07-15,2025-07-19,Standard Class,CO-84887,Customer 84887,Consumer,Minneapolis,Minnesota,55401,Central,FUR-FU-10000426,Furniture,Furnishings,DAX Black Wood Picture Frame,409.08,1,0.0,84.35,2025,7,July,Q3,0.2062
CA-2025-100427,2025-12-05,2025-12-09,First Class,CO-77552,Customer 77552,Corporate,Nashville,Tennessee,37203,South,OFF-AP-10000427,Office Supplies,Appliances,Hoover WindTunnel Vacuum,32.87,1,0.5,-3.44,2025,12,December,Q4,-0.1047
CA-2025-100428,2025-06-16,2025-06-18,Standard Class,HO-53704,Customer 53704,Home Office,Minneapolis,Minnesota,55401,Central,FUR-CH-10000428,Furniture,Chairs,Novimex Swivel Chair,2408.28,7,0.0,563.19,2025,6,June,Q2,0.2339
CA-2025-100429,2025-03-25,2025-03-27,Standard Class,CO-60353,Customer 60353,Corporate,Philadelphia,Pennsylvania,19104,East,OFF-ST-10000429,Office Supplies,Storage,Stur-D-Stor Shelving,297.05,5,0.0,37.36,2025,3,March,Q1,0.1258
CA-2025-100430,2025-03-02,2025-03-04,Second Class,CO-74124,Customer 74124,Corporate,Miami,Florida,33101,South,OFF-AP-10000430,Office Supplies,Appliances,Krups 12-Cup Coffee Maker,341.38,7,0.2,149.06,2025,3,March,Q1,0.4366
CA-2025-100431,2025-11-01,2025-11-02,Standard Class,CO-15611,Customer 15611,Corporate,Miami,Florida,33101,South,FUR-FU-10000431,Furniture,Furnishings,DAX Black Wood Picture Frame,457.58,1,0.0,157.49,2025,11,November,Q4,0.3442
CA-2025-100432,2025-09-16,2025-09-20,Standard Class,HO-16003,Customer 16003,Home Office,Boston,Massachusetts,02108,East,FUR-CH-10000432,Furniture,Chairs,Novimex Swivel Chair,451.27,1,0.1,173.35,2025,9,September,Q3,0.3841
CA-2025-100433,2025-02-03,2025-02-08,Standard Class,CO-90691,Customer 90691,Consumer,New York City,New York,10011,East,TEC-MA-10000433,Technology,Machines,Dymo LabelWriter 450 Turbo,10012.65,9,0.1,1799.21,2025,2,February,Q1,0.1797
CA-2025-100434,2025-02-22,2025-02-25,Standard Class,HO-37948,Customer 37948,Home Office,Seattle,Washington,98103,West,OFF-ST-10000434,Office Supplies,Storage,Stur-D-Stor Shelving,33.61,2,0.1,9.12,2025,2,February,Q1,0.2713
CA-2025-100435,2025-10-15,2025-10-17,Standard Class,CO-92863,Customer 92863,Consumer,Atlanta,Georgia,30303,South,FUR-FU-10000435,Furniture,Furnishings,Eldon Desktop Organizer,53.49,1,0.0,16.62,2025,10,October,Q4,0.3107
CA-2025-100436,2025-02-10,2025-02-13,First Class,CO-26632,Customer 26632,Corporate,Boston,Massachusetts,02108,East,OFF-BI-10000436,Office Supplies,Binders,GBC ComboBind Spines,273.35,6,0.1,17.78,2025,2,February,Q1,0.065
CA-2025-100437,2025-11-06,2025-11-10,Second Class,CO-49478,Customer 49478,Consumer,Minneapolis,Minnesota,55401,Central,FUR-BO-10000437,Furniture,Bookcases,Atlantic Metal 4-Shelf Bookcase,229.26,2,0.0,44.65,2025,11,November,Q4,0.1948
CA-2025-100438,2025-10-25,2025-11-01,Standard Class,CO-92111,Customer 92111,Consumer,Philadelphia,Pennsylvania,19104,East,FUR-CH-10000438,Furniture,Chairs,Harbour Executive Leather Armchair,2988.16,7,0.0,360.16,2025,10,October,Q4,0.1205
CA-2025-100439,2025-02-22,2025-02-28,Standard Class,CO-37471,Customer 37471,Consumer,Charlotte,North Carolina,28202,South,OFF-PA-10000439,Office Supplies,Paper,Xerox 228 Premium Copy Paper,14.32,1,0.0,1.62,2025,2,February,Q1,0.1131
CA-2025-100440,2025-02-01,2025-02-04,Standard Class,HO-68303,Customer 68303,Home Office,Minneapolis,Minnesota,55401,Central,FUR-TA-10000440,Furniture,Tables,Beverage Air Work Table,956.88,2,0.0,330.22,2025,2,February,Q1,0.3451
CA-2025-100441,2025-12-28,2025-12-30,First Class,CO-86689,Customer 86689,Consumer,Miami,Florida,33101,South,TEC-AC-10000441,Technology,Accessories,Anker USB-C Hub 8-in-1,2798.08,2,0.0,292.57,2025,12,December,Q4,0.1046
CA-2025-100442,2025-06-24,2025-06-26,Standard Class,CO-54025,Customer 54025,Consumer,New York City,New York,10011,East,OFF-ST-10000442,Office Supplies,Storage,Stur-D-Stor Shelving,90.55,5,0.0,10.73,2025,6,June,Q2,0.1185
CA-2025-100443,2025-06-11,2025-06-13,Standard Class,CO-93623,Customer 93623,Consumer,Boston,Massachusetts,02108,East,FUR-FU-10000443,Furniture,Furnishings,DAX Black Wood Picture Frame,1501.48,4,0.0,513.52,2025,6,June,Q2,0.342
CA-2025-100444,2025-11-24,2025-11-29,Standard Class,CO-39151,Customer 39151,Consumer,New York City,New York,10011,East,OFF-ST-10000444,Office Supplies,Storage,Tenex File Box,356.91,3,0.0,78.62,2025,11,November,Q4,0.2203
CA-2025-100445,2025-12-13,2025-12-16,Second Class,HO-69302,Customer 69302,Home Office,Atlanta,Georgia,30303,South,FUR-CH-10000445,Furniture,Chairs,Global Stack Chair,572.46,1,0.0,176.92,2025,12,December,Q4,0.3091
CA-2025-100446,2025-12-03,2025-12-04,Second Class,CO-70199,Customer 70199,Consumer,Phoenix,Arizona,85001,West,OFF-AR-10000446,Office Supplies,Art,Sharpie Highlighter Set,107.19,5,0.1,35.54,2025,12,December,Q4,0.3316
CA-2025-100447,2025-11-01,2025-11-06,Standard Class,HO-53634,Customer 53634,Home Office,Portland,Oregon,97201,West,OFF-LA-10000447,Office Supplies,Labels,Brother Label Tape,181.82,2,0.2,66.38,2025,11,November,Q4,0.3651
CA-2025-100448,2025-06-03,2025-06-07,Standard Class,HO-77467,Customer 77467,Home Office,Houston,Texas,77002,Central,FUR-TA-10000448,Furniture,Tables,Bienna Executive Dining Table,781.04,2,0.0,213.63,2025,6,June,Q2,0.2735
CA-2025-100449,2025-02-03,2025-02-06,Second Class,CO-53899,Customer 53899,Consumer,New York City,New York,10011,East,OFF-AP-10000449,Office Supplies,Appliances,Avanti Compact Refrigerator,251.5,3,0.2,89.12,2025,2,February,Q1,0.3544
CA-2025-100450,2025-11-11,2025-11-14,Standard Class,CO-46325,Customer 46325,Corporate,Los Angeles,California,90036,West,OFF-PA-10000450,Office Supplies,Paper,Hammermill Color Copy Paper,244.68,4,0.0,64.29,2025,11,November,Q4,0.2628
CA-2025-100451,2025-09-27,2025-09-30,Standard Class,CO-98251,Customer 98251,Corporate,Seattle,Washington,98103,West,TEC-MA-10000451,Technology,Machines,Star Micronics Receipt Printer,1061.2,5,0.0,459.13,2025,9,September,Q3,0.4327
CA-2025-100452,2025-07-04,2025-07-06,Standard Class,CO-29726,Customer 29726,Consumer,New York City,New York,10011,East,FUR-BO-10000452,Furniture,Bookcases,Bush Somerset 3-Shelf Bookcase,433.24,2,0.1,72.18,2025,7,July,Q3,0.1666
CA-2025-100453,2025-12-03,2025-12-04,First Class,HO-78107,Customer 78107,Home Office,Minneapolis,Minnesota,55401,Central,OFF-AP-10000453,Office Supplies,Appliances,Avanti Compact Refrigerator,170.73,2,0.1,44.74,2025,12,December,Q4,0.2621
CA-2025-100454,2025-03-18,2025-03-21,Standard Class,CO-50172,Customer 50172,Consumer,Philadelphia,Pennsylvania,19104,East,FUR-TA-10000454,Furniture,Tables,Unknown Product,473.36,1,0.0,109.99,2025,3,March,Q1,0.2324
CA-2025-100455,2025-08-06,2025-08-10,Standard Class,CO-33891,Customer 33891,Corporate,Boston,Massachusetts,02108,East,FUR-CH-10000455,Furniture,Chairs,HON 5400 Series Task Chair,1789.74,3,0.0,354.13,2025,8,August,Q3,0.1979
CA-2025-100456,2025-01-07,2025-01-10,Standard Class,CO-55068,Customer 55068,Consumer,Philadelphia,Pennsylvania,19104,East,OFF-AR-10000456,Office Supplies,Art,Fiskars Scissors,11.44,1,0.3,-1.37,2025,1,January,Q1,-0.1198
CA-2025-100457,2025-08-15,2025-08-21,Standard Class,HO-81584,Customer 81584,Home Office,Detroit,Michigan,48201,Central,OFF-LA-10000457,Office Supplies,Labels,Brother Label Tape,258.21,4,0.2,108.17,2025,8,August,Q3,0.4189
CA-2025-100458,2025-01-11,2025-01-15,Second Class,HO-28274,Customer 28274,Home Office,Portland,Oregon,97201,West,FUR-BO-10000458,Furniture,Bookcases,Bush Somerset 3-Shelf Bookcase,443.83,2,0.1,56.84,2025,1,January,Q1,0.1281
CA-2025-100459,2025-03-17,2025-03-19,First Class,CO-12955,Customer 12955,Consumer,Phoenix,Arizona,85001,West,OFF-ST-10000459,Office Supplies,Storage,Sterilite Plastic Tubs,44.91,2,0.1,19.19,2025,3,March,Q1,0.4273
CA-2025-100460,2025-03-22,2025-03-25,Standard Class,HO-58448,Customer 58448,Home Office,Charlotte,North Carolina,28202,South,FUR-TA-10000460,Furniture,Tables,Bienna Executive Dining Table,438.9,2,0.0,59.81,2025,3,March,Q1,0.1363
CA-2025-100461,2025-10-15,2025-10-19,Standard Class,CO-31468,Customer 31468,Consumer,Nashville,Tennessee,37203,South,FUR-CH-10000461,Furniture,Chairs,Harbour Executive Leather Armchair,229.99,2,0.3,-12.42,2025,10,October,Q4,-0.054
CA-2025-100462,2025-11-03,2025-11-09,Standard Class,CO-10867,Customer 10867,Consumer,Charlotte,North Carolina,28202,South,OFF-BI-10000462,Office Supplies,Binders,GBC ComboBind Spines,343.24,4,0.0,42.7,2025,11,November,Q4,0.1244
CA-2025-100463,2025-09-13,2025-09-15,Standard Class,HO-49582,Customer 49582,Home Office,Minneapolis,Minnesota,55401,Central,OFF-PA-10000463,Office Supplies,Paper,Xerox 228 Premium Copy Paper,5.17,1,0.0,2.24,2025,9,September,Q3,0.4333
CA-2025-100464,2025-12-27,2025-12-31,Standard Class,CO-47707,Customer 47707,Corporate,Atlanta,Georgia,00000,South,OFF-AP-10000464,Office Supplies,Appliances,Avanti Compact Refrigerator,30.88,1,0.0,13.83,2025,12,December,Q4,0.4479
CA-2025-100465,2025-06-03,2025-06-06,Standard Class,CO-67156,Customer 67156,Consumer,Minneapolis,Minnesota,55401,Central,TEC-PH-10000465,Technology,Phones,Google Pixel 8 Pro,1962.1,3,0.2,225.91,2025,6,June,Q2,0.1151
CA-2025-100466,2025-05-02,2025-05-04,Standard Class,CO-56843,Customer 56843,Corporate,New York City,New York,10011,East,FUR-FU-10000466,Furniture,Furnishings,Unknown Product,69.11,1,0.1,5.58,2025,5,May,Q2,0.0807
CA-2025-100467,2025-12-07,2025-12-11,Standard Class,CO-31906,Customer 31906,Consumer,Detroit,Michigan,48201,Central,TEC-CO-10000467,Technology,Copiers,Hewlett Packard LaserJet Copier,3178.86,3,0.0,896.5,2025,12,December,Q4,0.282
CA-2025-100468,2025-04-27,2025-04-29,Standard Class,CO-73556,Customer 73556,Consumer,Charlotte,North Carolina,28202,South,TEC-AC-10000468,Technology,Accessories,Logitech MX Master 3S Mouse,648.05,2,0.2,238.51,2025,4,April,Q2,0.368
CA-2025-100469,2025-12-18,2025-12-22,First Class,CO-79742,Customer 79742,Corporate,Phoenix,Arizona,85001,West,OFF-ST-10000469,Office Supplies,Storage,Tenex File Box,591.72,6,0.0,103.33,2025,12,December,Q4,0.1746
CA-2025-100470,2025-01-12,2025-01-14,Standard Class,HO-78566,Customer 78566,Home Office,Chicago,Illinois,60611,Central,OFF-ST-10000470,Office Supplies,Storage,Tenex File Box,141.2,5,0.0,19.86,2025,1,January,Q1,0.1407
CA-2025-100471,2025-12-05,2025-12-07,Same Day,CO-24643,Customer 24643,Consumer,Los Angeles,California,90036,West,OFF-PA-10000471,Office Supplies,Paper,Xerox 228 Premium Copy Paper,22.65,1,0.1,6.51,2025,12,December,Q4,0.2874
CA-2025-100472,2025-01-16,2025-01-18,Standard Class,CO-97501,Customer 97501,Consumer,Los Angeles,California,90036,West,OFF-BI-10000472,Office Supplies,Binders,Wilson Jones Ring Binder,64.21,1,0.1,3.96,2025,1,January,Q1,0.0617
CA-2025-100473,2025-12-05,2025-12-10,First Class,HO-55591,Customer 55591,Home Office,Chicago,Illinois,60611,Central,TEC-AC-10000473,Technology,Accessories,Logitech MX Master 3S Mouse,716.25,3,0.0,97.98,2025,12,December,Q4,0.1368
CA-2025-100474,2025-08-07,2025-08-14,Standard Class,CO-10567,Customer 10567,Corporate,Seattle,Washington,98103,West,TEC-MA-10000474,Technology,Machines,Dymo LabelWriter 450 Turbo,969.65,1,0.1,90.11,2025,8,August,Q3,0.0929
CA-2025-100475,2025-12-27,2025-12-30,Standard Class,CO-39825,Customer 39825,Consumer,Miami,Florida,33101,South,OFF-LA-10000475,Office Supplies,Labels,Avery Mailing Labels,113.96,2,0.0,22.17,2025,12,December,Q4,0.1945
CA-2025-100476,2025-02-10,2025-02-13,Standard Class,CO-25167,Customer 25167,Consumer,Charlotte,North Carolina,28202,South,OFF-AP-10000476,Office Supplies,Appliances,Krups 12-Cup Coffee Maker,332.28,4,0.0,70.75,2025,2,February,Q1,0.2129
CA-2025-100477,2025-09-28,2025-10-01,First Class,HO-72347,Customer 72347,Home Office,Chicago,Illinois,60611,Central,FUR-FU-10000477,Furniture,Furnishings,Eldon Desktop Organizer,482.4,2,0.1,47.12,2025,9,September,Q3,0.0977
CA-2025-100478,2025-12-13,2025-12-16,Standard Class,CO-32114,Customer 32114,Consumer,Portland,Oregon,97201,West,TEC-CO-10000478,Technology,Copiers,Canon ImageClass Laser Copier,9329.5,10,0.0,3594.13,2025,12,December,Q4,0.3852
CA-2025-100479,2025-08-24,2025-08-27,Second Class,CO-87810,Customer 87810,Corporate,Minneapolis,Minnesota,55401,Central,OFF-AP-10000479,Office Supplies,Appliances,Avanti Compact Refrigerator,1027.08,9,0.0,111.9,2025,8,August,Q3,0.1089
CA-2025-100480,2025-09-15,2025-09-17,Standard Class,CO-92361,Customer 92361,Consumer,New York City,New York,10011,East,FUR-CH-10000480,Furniture,Chairs,HON 5400 Series Task Chair,323.97,1,0.0,94.55,2025,9,September,Q3,0.2918
CA-2025-100481,2025-10-11,2025-10-13,Second Class,CO-20029,Customer 20029,Consumer,Nashville,Tennessee,37203,South,FUR-FU-10000481,Furniture,Furnishings,Floor Mat,524.22,2,0.2,139.55,2025,10,October,Q4,0.2662
CA-2025-100482,2025-07-01,2025-07-08,Standard Class,CO-25615,Customer 25615,Consumer,Nashville,Tennessee,37203,South,OFF-PA-10000482,Office Supplies,Paper,Hammermill Color Copy Paper,56.24,1,0.0,22.17,2025,7,July,Q3,0.3942
CA-2025-100483,2025-09-10,2025-09-15,Standard Class,CO-50954,Customer 50954,Consumer,Nashville,Tennessee,37203,South,OFF-BI-10000483,Office Supplies,Binders,Avery Durable View Binder,179.67,3,0.0,42.75,2025,9,September,Q3,0.2379
CA-2025-100484,2025-09-18,2025-09-23,Standard Class,CO-74840,Customer 74840,Consumer,Charlotte,North Carolina,28202,South,OFF-LA-10000484,Office Supplies,Labels,Dymo Address Labels,27.75,3,0.0,5.45,2025,9,September,Q3,0.1964
CA-2025-100485,2025-12-26,2025-12-30,Standard Class,HO-54729,Customer 54729,Home Office,Miami,Florida,33101,South,OFF-LA-10000485,Office Supplies,Labels,Dymo Address Labels,130.35,3,0.0,40.31,2025,12,December,Q4,0.3092
CA-2025-100486,2025-01-19,2025-01-20,Second Class,HO-25003,Customer 25003,Home Office,Chicago,Illinois,60611,Central,FUR-TA-10000486,Furniture,Tables,Beverage Air Work Table,1517.5,5,0.0,623.03,2025,1,January,Q1,0.4106
CA-2025-100487,2025-05-09,2025-05-10,Standard Class,CO-51486,Customer 51486,Consumer,Nashville,Tennessee,37203,South,OFF-ST-10000487,Office Supplies,Storage,Sterilite Plastic Tubs,41.43,3,0.0,10.4,2025,5,May,Q2,0.251
CA-2025-100488,2025-12-25,2025-12-29,Standard Class,CO-67146,Customer 67146,Consumer,Columbus,Ohio,43215,East,OFF-ST-10000488,Office Supplies,Storage,Fellowes Bankers Box,17.95,1,0.5,-4.12,2025,12,December,Q4,-0.2295
CA-2025-100489,2025-12-08,2025-12-12,Same Day,CO-85784,Customer 85784,Corporate,Portland,Oregon,97201,West,FUR-FU-10000489,Furniture,Furnishings,Floor Mat,595.3,4,0.1,101.64,2025,12,December,Q4,0.1707
CA-2025-100490,2025-07-26,2025-07-28,Second Class,CO-64304,Customer 64304,Consumer,Charlotte,North Carolina,28202,South,OFF-PA-10000490,Office Supplies,Paper,Southworth Fine Parchment Paper,92.09,1,0.0,30.51,2025,7,July,Q3,0.3313
CA-2025-100491,2025-09-28,2025-09-30,Standard Class,CO-71249,Customer 71249,Corporate,Minneapolis,Minnesota,55401,Central,TEC-PH-10000491,Technology,Phones,Samsung Galaxy S24 Ultra,609.98,1,0.0,197.71,2025,9,September,Q3,0.3241
CA-2025-100492,2025-05-10,2025-05-15,Standard Class,HO-18444,Customer 18444,Home Office,Columbus,Ohio,43215,East,FUR-TA-10000492,Furniture,Tables,Balt Training Table,414.96,3,0.0,60.33,2025,5,May,Q2,0.1454
CA-2025-100493,2025-04-05,2025-04-07,Standard Class,HO-70838,Customer 70838,Home Office,Nashville,Tennessee,37203,South,OFF-ST-10000493,Office Supplies,Storage,Fellowes Bankers Box,20.8,1,0.0,7.73,2025,4,April,Q2,0.3716
CA-2025-100494,2025-08-22,2025-08-25,Second Class,CO-73680,Customer 73680,Consumer,Los Angeles,California,90036,West,TEC-PH-10000494,Technology,Phones,Google Pixel 8 Pro,3297.84,5,0.3,-751.57,2025,8,August,Q3,-0.2279
CA-2025-100495,2025-06-12,2025-06-16,First Class,CO-28423,Customer 28423,Consumer,New York City,New York,10011,East,OFF-BI-10000495,Office Supplies,Binders,Wilson Jones Ring Binder,178.05,4,0.3,-12.56,2025,6,June,Q2,-0.0705
CA-2025-100496,2025-09-09,2025-09-12,Standard Class,CO-51079,Customer 51079,Corporate,Minneapolis,Minnesota,55401,Central,TEC-AC-10000496,Technology,Accessories,Keychron K2 Mechanical Keyboard,405.21,1,0.0,64.76,2025,9,September,Q3,0.1598
CA-2025-100497,2025-02-14,2025-02-16,Standard Class,CO-59113,Customer 59113,Consumer,Portland,Oregon,97201,West,OFF-PA-10000497,Office Supplies,Paper,Southworth Fine Parchment Paper,24.86,1,0.2,2.68,2025,2,February,Q1,0.1078
CA-2025-100498,2025-12-16,2025-12-20,First Class,CO-89405,Customer 89405,Consumer,Los Angeles,California,90036,West,OFF-AP-10000498,Office Supplies,Appliances,Hoover WindTunnel Vacuum,57.33,2,0.1,18.93,2025,12,December,Q4,0.3302
CA-2025-100499,2025-12-26,2025-12-30,Standard Class,CO-67986,Customer 67986,Consumer,Miami,Florida,33101,South,TEC-MA-10000499,Technology,Machines,Dymo LabelWriter 450 Turbo,2501.95,6,0.2,422.75,2025,12,December,Q4,0.169
CA-2025-100500,2025-10-28,2025-11-02,First Class,CO-94466,Customer 94466,Corporate,Miami,Florida,33101,South,FUR-CH-10000500,Furniture,Chairs,Global Stack Chair,494.56,2,0.2,166.64,2025,10,October,Q4,0.3369
CA-2025-100501,2025-08-27,2025-08-29,Standard Class,CO-18698,Customer 18698,Consumer,Minneapolis,Minnesota,55401,Central,OFF-BI-10000501,Office Supplies,Binders,Avery Durable View Binder,97.34,3,0.2,29.84,2025,8,August,Q3,0.3066
CA-2025-100502,2025-05-06,2025-05-10,Second Class,CO-62515,Customer 62515,Consumer,Philadelphia,Pennsylvania,19104,East,OFF-ST-10000502,Office Supplies,Storage,Tenex File Box,20.62,2,0.5,-2.08,2025,5,May,Q2,-0.1009
CA-2025-100503,2025-11-25,2025-11-27,Standard Class,CO-51864,Customer 51864,Consumer,Nashville,Tennessee,37203,South,TEC-AC-10000503,Technology,Accessories,SanDisk 128GB Flash Drive,1028.61,3,0.0,167.37,2025,11,November,Q4,0.1627
CA-2025-100504,2025-10-03,2025-10-06,Standard Class,HO-84762,Customer 84762,Home Office,New York City,New York,10011,East,TEC-AC-10000504,Technology,Accessories,Logitech MX Master 3S Mouse,1171.02,1,0.2,137.6,2025,10,October,Q4,0.1175
CA-2025-100505,2025-03-13,2025-03-17,Second Class,CO-58224,Customer 58224,Consumer,New York City,New York,10011,East,FUR-FU-10000505,Furniture,Furnishings,Floor Mat,1009.98,2,0.0,132.57,2025,3,March,Q1,0.1313
CA-2025-100506,2025-12-28,2026-01-02,Standard Class,CO-60079,Customer 60079,Corporate,Columbus,Ohio,43215,East,TEC-AC-10000506,Technology,Accessories,SanDisk 128GB Flash Drive,1117.39,1,0.0,410.07,2025,12,December,Q4,0.367
CA-2025-100507,2025-11-01,2025-11-03,Standard Class,CO-42547,Customer 42547,Corporate,Minneapolis,Minnesota,55401,Central,FUR-FU-10000507,Furniture,Furnishings,DAX Black Wood Picture Frame,4234.32,8,0.0,571.15,2025,11,November,Q4,0.1349
CA-2025-100508,2025-12-13,2025-12-17,Second Class,CO-22488,Customer 22488,Consumer,Los Angeles,California,90036,West,OFF-AR-10000508,Office Supplies,Art,Sharpie Highlighter Set,764.19,10,0.3,-45.73,2025,12,December,Q4,-0.0598
CA-2025-100509,2025-10-20,2025-10-24,First Class,CO-76131,Customer 76131,Consumer,Charlotte,North Carolina,28202,South,TEC-CO-10000509,Technology,Copiers,Canon ImageClass Laser Copier,4365.84,3,0.0,672.85,2025,10,October,Q4,0.1541
CA-2025-100510,2025-09-17,2025-09-20,Standard Class,CO-21750,Customer 21750,Consumer,Minneapolis,Minnesota,55401,Central,FUR-CH-10000510,Furniture,Chairs,Novimex Swivel Chair,52.0,1,0.3,-5.18,2025,9,September,Q3,-0.0996
CA-2025-100511,2025-07-24,2025-07-27,Standard Class,HO-44500,Customer 44500,Home Office,Detroit,Michigan,48201,Central,OFF-AR-10000511,Office Supplies,Art,Fiskars Scissors,88.95,2,0.5,-16.3,2025,7,July,Q3,-0.1832
CA-2025-100512,2025-12-22,2025-12-26,Standard Class,CO-17152,Customer 17152,Consumer,Boston,Massachusetts,02108,East,FUR-TA-10000512,Furniture,Tables,Beverage Air Work Table,438.28,2,0.5,-31.49,2025,12,December,Q4,-0.0718
CA-2025-100513,2025-12-02,2025-12-05,Same Day,CO-69999,Customer 69999,Corporate,Miami,Florida,33101,South,TEC-AC-10000513,Technology,Accessories,Logitech MX Master 3S Mouse,589.45,1,0.0,226.34,2025,12,December,Q4,0.384
CA-2025-100514,2025-01-24,2025-01-27,Standard Class,HO-86765,Customer 86765,Home Office,New York City,New York,10011,East,OFF-BI-10000514,Office Supplies,Binders,Wilson Jones Ring Binder,40.91,1,0.2,13.12,2025,1,January,Q1,0.3207
CA-2025-100515,2025-01-11,2025-01-12,Second Class,CO-61664,Customer 61664,Corporate,Houston,Texas,77002,Central,TEC-AC-10000515,Technology,Accessories,Logitech MX Master 3S Mouse,768.56,4,0.1,178.02,2025,1,January,Q1,0.2316
CA-2025-100516,2025-06-09,2025-06-12,Standard Class,HO-96005,Customer 96005,Home Office,Charlotte,North Carolina,28202,South,TEC-AC-10000516,Technology,Accessories,Anker USB-C Hub 8-in-1,5234.36,4,0.0,1932.83,2025,6,June,Q2,0.3693
CA-2025-100517,2025-11-24,2025-11-25,Same Day,CO-62279,Customer 62279,Consumer,Chicago,Illinois,60611,Central,FUR-FU-10000517,Furniture,Furnishings,Eldon Desktop Organizer,61.28,1,0.0,12.93,2025,11,November,Q4,0.211
CA-2025-100518,2025-12-21,2025-12-25,Second Class,CO-74336,Customer 74336,Consumer,Charlotte,North Carolina,28202,South,TEC-AC-10000518,Technology,Accessories,SanDisk 128GB Flash Drive,4126.92,4,0.0,1014.6,2025,12,December,Q4,0.2458
CA-2025-100519,2025-03-13,2025-03-16,Standard Class,CO-65382,Customer 65382,Consumer,Chicago,Illinois,60611,Central,OFF-PA-10000519,Office Supplies,Paper,Xerox 228 Premium Copy Paper,13.54,2,0.0,1.89,2025,3,March,Q1,0.1396
CA-2025-100520,2025-09-22,2025-09-26,First Class,CO-94833,Customer 94833,Corporate,Portland,Oregon,97201,West,OFF-ST-10000520,Office Supplies,Storage,Sterilite Plastic Tubs,303.35,9,0.1,51.62,2025,9,September,Q3,0.1702
CA-2025-100521,2025-07-08,2025-07-11,Standard Class,CO-20031,Customer 20031,Consumer,Los Angeles,California,90036,West,OFF-PA-10000521,Office Supplies,Paper,Xerox 228 Premium Copy Paper,136.39,3,0.2,26.21,2025,7,July,Q3,0.1922
CA-2025-100522,2025-12-19,2025-12-20,Standard Class,CO-96714,Customer 96714,Consumer,Atlanta,Georgia,30303,South,OFF-PA-10000522,Office Supplies,Paper,Xerox 228 Premium Copy Paper,59.15,5,0.0,16.85,2025,12,December,Q4,0.2849
CA-2025-100523,2025-11-15,2025-11-19,Standard Class,HO-54739,Customer 54739,Home Office,Boston,Massachusetts,02108,East,FUR-TA-10000523,Furniture,Tables,Balt Training Table,216.96,2,0.0,20.97,2025,11,November,Q4,0.0967
CA-2025-100524,2025-11-06,2025-11-10,Standard Class,CO-96208,Customer 96208,Consumer,Charlotte,North Carolina,28202,South,OFF-BI-10000524,Office Supplies,Binders,GBC ComboBind Spines,526.05,7,0.1,195.62,2025,11,November,Q4,0.3719
CA-2025-100525,2025-08-03,2025-08-05,Standard Class,CO-12082,Customer 12082,Consumer,New York City,New York,10011,East,FUR-BO-10000525,Furniture,Bookcases,O'Sullivan 2-Door Bookcase,512.34,4,0.3,-96.54,2025,8,August,Q3,-0.1884
CA-2025-100526,2025-07-03,2025-07-06,Standard Class,CO-12859,Customer 12859,Consumer,Seattle,Washington,98103,West,TEC-MA-10000526,Technology,Machines,Dymo LabelWriter 450 Turbo,3800.4,5,0.0,496.09,2025,7,July,Q3,0.1305
CA-2025-100527,2025-05-19,2025-05-24,Standard Class,CO-23456,Customer 23456,Consumer,Nashville,Tennessee,37203,South,TEC-CO-10000527,Technology,Copiers,Canon ImageClass Laser Copier,1565.0,2,0.0,461.05,2025,5,May,Q2,0.2946
CA-2025-100528,2025-01-22,2025-01-28,First Class,CO-17956,Customer 17956,Consumer,Phoenix,Arizona,85001,West,OFF-BI-10000528,Office Supplies,Binders,Wilson Jones Ring Binder,70.58,3,0.3,-22.23,2025,1,January,Q1,-0.315
CA-2025-100529,2025-12-20,2025-12-26,Standard Class,CO-12727,Customer 12727,Corporate,Philadelphia,Pennsylvania,19104,East,OFF-PA-10000529,Office Supplies,Paper,Hammermill Color Copy Paper,107.4,2,0.0,34.8,2025,12,December,Q4,0.324
CA-2025-100530,2025-11-20,2025-11-25,Second Class,CO-48455,Customer 48455,Consumer,Nashville,Tennessee,37203,South,TEC-CO-10000530,Technology,Copiers,Hewlett Packard LaserJet Copier,4390.78,4,0.1,715.62,2025,11,November,Q4,0.163
CA-2025-100531,2025-12-24,2025-12-25,Standard Class,CO-30488,Customer 30488,Consumer,Miami,Florida,33101,South,OFF-PA-10000531,Office Supplies,Paper,Hammermill Color Copy Paper,44.55,3,0.5,-10.8,2025,12,December,Q4,-0.2424
CA-2025-100532,2025-12-09,2025-12-12,Standard Class,HO-75991,Customer 75991,Home Office,Los Angeles,California,90036,West,OFF-ST-10000532,Office Supplies,Storage,Fellowes Bankers Box,16.24,1,0.0,3.02,2025,12,December,Q4,0.186
CA-2025-100533,2025-09-12,2025-09-16,Second Class,CO-29815,Customer 29815,Corporate,Los Angeles,California,90036,West,TEC-MA-10000533,Technology,Machines,Dymo LabelWriter 450 Turbo,2895.42,4,0.5,-334.43,2025,9,September,Q3,-0.1155
CA-2025-100534,2025-11-20,2025-11-24,First Class,HO-15501,Customer 15501,Home Office,Seattle,Washington,98103,West,OFF-AR-10000534,Office Supplies,Art,Fiskars Scissors,20.53,1,0.0,5.18,2025,11,November,Q4,0.2523
CA-2025-100535,2025-12-24,2025-12-29,Standard Class,CO-28058,Customer 28058,Consumer,Seattle,Washington,98103,West,OFF-PA-10000535,Office Supplies,Paper,Xerox 228 Premium Copy Paper,123.8,4,0.0,31.2,2025,12,December,Q4,0.252
CA-2025-100536,2025-11-03,2025-11-05,Second Class,CO-92502,Customer 92502,Consumer,Boston,Massachusetts,02108,East,OFF-BI-10000536,Office Supplies,Binders,GBC ComboBind Spines,94.89,1,0.0,39.59,2025,11,November,Q4,0.4172
CA-2025-100537,2025-05-15,2025-05-22,Standard Class,CO-13901,Customer 13901,Corporate,Atlanta,Georgia,30303,South,OFF-AP-10000537,Office Supplies,Appliances,Avanti Compact Refrigerator,113.35,1,0.0,50.19,2025,5,May,Q2,0.4428
CA-2025-100538,2025-07-06,2025-07-09,Standard Class,CO-94078,Customer 94078,Consumer,New York City,New York,10011,East,TEC-CO-10000538,Technology,Copiers,Hewlett Packard LaserJet Copier,1988.4,3,0.0,341.47,2025,7,July,Q3,0.1717
CA-2025-100539,2025-03-24,2025-03-27,Standard Class,HO-79178,Customer 79178,Home Office,Columbus,Ohio,43215,East,OFF-AR-10000539,Office Supplies,Art,Sharpie Highlighter Set,337.2,5,0.2,71.42,2025,3,March,Q1,0.2118
CA-2025-100540,2025-12-07,2025-12-12,Standard Class,CO-61117,Customer 61117,Corporate,Philadelphia,Pennsylvania,19104,East,FUR-TA-10000540,Furniture,Tables,Balt Training Table,712.17,3,0.0,289.23,2025,12,December,Q4,0.4061
CA-2025-100541,2025-09-18,2025-09-21,Standard Class,CO-65410,Customer 65410,Corporate,Los Angeles,California,90036,West,TEC-CO-10000541,Technology,Copiers,Brother Multifunction Copier,648.4,1,0.2,276.57,2025,9,September,Q3,0.4265
CA-2025-100542,2025-04-15,2025-04-17,Second Class,CO-40945,Customer 40945,Consumer,Philadelphia,Pennsylvania,19104,East,FUR-BO-10000542,Furniture,Bookcases,O'Sullivan 2-Door Bookcase,773.16,3,0.0,198.38,2025,4,April,Q2,0.2566
CA-2025-100543,2025-10-07,2025-10-12,Standard Class,CO-65796,Customer 65796,Consumer,Miami,Florida,33101,South,FUR-FU-10000543,Furniture,Furnishings,DAX Black Wood Picture Frame,623.88,2,0.0,162.52,2025,10,October,Q4,0.2605
CA-2025-100544,2025-09-19,2025-09-22,Second Class,HO-86585,Customer 86585,Home Office,Nashville,Tennessee,37203,South,TEC-MA-10000544,Technology,Machines,3M Laminating Machine,5850.32,4,0.0,590.0,2025,9,September,Q3,0.1008
CA-2025-100545,2025-06-23,2025-06-26,Same Day,CO-79355,Customer 79355,Corporate,Seattle,Washington,98103,West,OFF-ST-10000545,Office Supplies,Storage,Fellowes Bankers Box,113.4,2,0.5,-19.22,2025,6,June,Q2,-0.1695
CA-2025-100546,2025-03-14,2025-03-16,Standard Class,CO-78521,Customer 78521,Consumer,New York City,New York,10011,East,OFF-LA-10000546,Office Supplies,Labels,Dymo Address Labels,36.69,1,0.0,13.34,2025,3,March,Q1,0.3636
CA-2025-100547,2025-10-14,2025-10-15,First Class,HO-38256,Customer 38256,Home Office,Columbus,Ohio,43215,East,FUR-TA-10000547,Furniture,Tables,Beverage Air Work Table,1057.46,2,0.0,292.18,2025,10,October,Q4,0.2763
CA-2025-100548,2025-08-11,2025-08-15,Standard Class,CO-89391,Customer 89391,Corporate,Boston,Massachusetts,02108,East,OFF-PA-10000548,Office Supplies,Paper,Hammermill Color Copy Paper,64.58,1,0.2,5.54,2025,8,August,Q3,0.0858
CA-2025-100549,2025-11-20,2025-11-24,Standard Class,CO-61825,Customer 61825,Consumer,Houston,Texas,77002,Central,TEC-MA-10000549,Technology,Machines,3M Laminating Machine,488.33,1,0.0,29.26,2025,11,November,Q4,0.0599
CA-2025-100550,2025-08-21,2025-08-25,Second Class,CO-26224,Customer 26224,Corporate,Seattle,Washington,98103,West,TEC-PH-10000550,Technology,Phones,Samsung Galaxy S24 Ultra,2301.56,2,0.0,721.08,2025,8,August,Q3,0.3133
CA-2025-100551,2025-11-18,2025-11-20,Standard Class,CO-42150,Customer 42150,Corporate,Miami,Florida,33101,South,TEC-CO-10000551,Technology,Copiers,Hewlett Packard LaserJet Copier,1294.23,2,0.3,-320.99,2025,11,November,Q4,-0.248
CA-2025-100552,2025-09-06,2025-09-09,First Class,CO-43708,Customer 43708,Consumer,Los Angeles,California,90036,West,TEC-AC-10000552,Technology,Accessories,SanDisk 128GB Flash Drive,301.65,1,0.0,52.1,2025,9,September,Q3,0.1727
CA-2025-100553,2025-09-14,2025-09-18,Standard Class,HO-33784,Customer 33784,Home Office,Los Angeles,California,90036,West,FUR-CH-10000553,Furniture,Chairs,Novimex Swivel Chair,641.75,5,0.0,273.79,2025,9,September,Q3,0.4266
CA-2025-100554,2025-12-04,2025-12-05,Standard Class,CO-40997,Customer 40997,Corporate,Nashville,Tennessee,37203,South,TEC-CO-10000554,Technology,Copiers,Canon ImageClass Laser Copier,1637.01,3,0.0,100.78,2025,12,December,Q4,0.0616
CA-2025-100555,2025-07-21,2025-07-23,First Class,CO-86830,Customer 86830,Consumer,Seattle,Washington,98103,West,OFF-AP-10000555,Office Supplies,Appliances,Hoover WindTunnel Vacuum,75.88,2,0.0,23.09,2025,7,July,Q3,0.3043
CA-2025-100556,2025-03-07,2025-03-11,Standard Class,CO-32044,Customer 32044,Corporate,Columbus,Ohio,43215,East,TEC-MA-10000556,Technology,Machines,Star Micronics Receipt Printer,162.24,2,0.2,26.88,2025,3,March,Q1,0.1657
CA-2025-100557,2025-01-06,2025-01-07,First Class,CO-88363,Customer 88363,Consumer,Minneapolis,Minnesota,55401,Central,TEC-AC-10000557,Technology,Accessories,SanDisk 128GB Flash Drive,491.04,3,0.0,83.6,2025,1,January,Q1,0.1703
CA-2025-100558,2025-11-13,2025-11-17,First Class,CO-46629,Customer 46629,Corporate,Atlanta,Georgia,30303,South,OFF-LA-10000558,Office Supplies,Labels,Brother Label Tape,170.34,3,0.5,-23.45,2025,11,November,Q4,-0.1377
CA-2025-100559,2025-09-09,2025-09-11,Same Day,CO-70266,Customer 70266,Consumer,Houston,Texas,77002,Central,TEC-AC-10000559,Technology,Accessories,Logitech MX Master 3S Mouse,952.3,1,0.0,113.72,2025,9,September,Q3,0.1194
CA-2025-100560,2025-10-18,2025-10-23,Second Class,CO-80533,Customer 80533,Corporate,Los Angeles,California,90036,West,OFF-AP-10000560,Office Supplies,Appliances,Krups 12-Cup Coffee Maker,130.13,2,0.2,49.58,2025,10,October,Q4,0.381
CA-2025-100561,2025-04-12,2025-04-15,First Class,HO-11105,Customer 11105,Home Office,Phoenix,Arizona,85001,West,OFF-AR-10000561,Office Supplies,Art,Sharpie Highlighter Set,7.44,3,0.2,2.4,2025,4,April,Q2,0.3226
CA-2025-100562,2025-03-23,2025-03-26,Standard Class,CO-49738,Customer 49738,Corporate,Boston,Massachusetts,02108,East,TEC-CO-10000562,Technology,Copiers,Canon ImageClass Laser Copier,1972.24,5,0.2,263.56,2025,3,March,Q1,0.1336
CA-2025-100563,2025-01-07,2025-01-14,Second Class,CO-46352,Customer 46352,Consumer,Atlanta,Georgia,30303,South,OFF-AP-10000563,Office Supplies,Appliances,Avanti Compact Refrigerator,206.25,3,0.0,15.7,2025,1,January,Q1,0.0761
CA-2025-100564,2025-06-05,2025-06-09,Standard Class,HO-39879,Customer 39879,Home Office,Chicago,Illinois,60611,Central,TEC-PH-10000564,Technology,Phones,Google Pixel 8 Pro,5264.75,5,0.0,1162.7,2025,6,June,Q2,0.2208
CA-2025-100565,2025-09-22,2025-09-28,Standard Class,HO-66694,Customer 66694,Home Office,Charlotte,North Carolina,28202,South,FUR-FU-10000565,Furniture,Furnishings,Floor Mat,696.67,4,0.3,-196.9,2025,9,September,Q3,-0.2826
CA-2025-100566,2025-07-09,2025-07-15,Standard Class,CO-61361,Customer 61361,Consumer,Philadelphia,Pennsylvania,19104,East,FUR-CH-10000566,Furniture,Chairs,Harbour Executive Leather Armchair,1175.9,2,0.0,176.38,2025,7,July,Q3,0.15
CA-2025-100567,2025-07-06,2025-07-09,Standard Class,CO-13653,Customer 13653,Corporate,Nashville,Tennessee,37203,South,TEC-CO-10000567,Technology,Copiers,Hewlett Packard LaserJet Copier,446.01,2,0.5,-44.71,2025,7,July,Q3,-0.1002
CA-2025-100568,2025-12-27,2025-12-30,Second Class,HO-88638,Customer 88638,Home Office,Miami,Florida,33101,South,OFF-BI-10000568,Office Supplies,Binders,Unknown Product,12.09,1,0.0,2.12,2025,12,December,Q4,0.1754
CA-2025-100569,2025-06-28,2025-07-02,Second Class,CO-67923,Customer 67923,Consumer,Portland,Oregon,97201,West,OFF-PA-10000569,Office Supplies,Paper,Xerox 228 Premium Copy Paper,14.02,1,0.0,5.47,2025,6,June,Q2,0.3902
CA-2025-100570,2025-08-13,2025-08-14,Second Class,CO-88587,Customer 88587,Consumer,Phoenix,Arizona,85001,West,OFF-PA-10000570,Office Supplies,Paper,Southworth Fine Parchment Paper,105.1,2,0.3,-12.1,2025,8,August,Q3,-0.1151
CA-2025-100571,2025-11-15,2025-11-18,Standard Class,CO-11610,Customer 11610,Consumer,Seattle,Washington,98103,West,TEC-AC-10000571,Technology,Accessories,SanDisk 128GB Flash Drive,1075.59,2,0.1,133.77,2025,11,November,Q4,0.1244
CA-2025-100572,2025-07-05,2025-07-09,Standard Class,CO-67127,Customer 67127,Consumer,Detroit,Michigan,48201,Central,OFF-BI-10000572,Office Supplies,Binders,Wilson Jones Ring Binder,38.78,2,0.0,7.66,2025,7,July,Q3,0.1975
CA-2025-100573,2025-09-01,2025-09-04,Second Class,CO-41114,Customer 41114,Consumer,Phoenix,Arizona,85001,West,OFF-AR-10000573,Office Supplies,Art,Crayola Markers 8ct,170.39,2,0.1,55.87,2025,9,September,Q3,0.3279
CA-2025-100574,2025-12-15,2025-12-18,Standard Class,CO-53995,Customer 53995,Corporate,Minneapolis,Minnesota,55401,Central,OFF-ST-10000574,Office Supplies,Storage,Sterilite Plastic Tubs,526.9,5,0.0,220.23,2025,12,December,Q4,0.418
CA-2025-100575,2025-12-21,2025-12-23,Standard Class,CO-41328,Customer 41328,Corporate,Charlotte,North Carolina,28202,South,TEC-MA-10000575,Technology,Machines,Star Micronics Receipt Printer,2641.76,4,0.0,142.54,2025,12,December,Q4,0.054
CA-2025-100576,2025-03-12,2025-03-13,Standard Class,CO-35480,Customer 35480,Consumer,Houston,Texas,77002,Central,TEC-AC-10000576,Technology,Accessories,Anker USB-C Hub 8-in-1,497.74,1,0.0,59.59,2025,3,March,Q1,0.1197
CA-2025-100577,2025-12-28,2025-12-31,Standard Class,CO-44313,Customer 44313,Consumer,Los Angeles,California,90036,West,TEC-AC-10000577,Technology,Accessories,Keychron K2 Mechanical Keyboard,5084.1,5,0.0,681.75,2025,12,December,Q4,0.1341
CA-2025-100578,2025-08-15,2025-08-17,First Class,CO-79065,Customer 79065,Corporate,Miami,Florida,33101,South,FUR-BO-10000578,Furniture,Bookcases,Atlantic Metal 4-Shelf Bookcase,310.84,2,0.0,90.09,2025,8,August,Q3,0.2898
CA-2025-100579,2025-05-21,2025-05-23,Standard Class,CO-34785,Customer 34785,Corporate,Chicago,Illinois,60611,Central,OFF-ST-10000579,Office Supplies,Storage,Stur-D-Stor Shelving,262.5,5,0.5,-22.12,2025,5,May,Q2,-0.0843
CA-2025-100580,2025-07-07,2025-07-11,Second Class,CO-90594,Customer 90594,Corporate,Seattle,Washington,98103,West,OFF-AP-10000580,Office Supplies,Appliances,Avanti Compact Refrigerator,92.32,2,0.0,30.93,2025,7,July,Q3,0.335
CA-2025-100581,2025-12-17,2025-12-21,Second Class,CO-45171,Customer 45171,Consumer,Miami,Florida,33101,South,FUR-BO-10000581,Furniture,Bookcases,Bush Somerset 3-Shelf Bookcase,1049.48,2,0.0,425.55,2025,12,December,Q4,0.4055
CA-2025-100582,2025-08-19,2025-08-21,First Class,CO-21109,Customer 21109,Consumer,New York City,New York,10011,East,FUR-TA-10000582,Furniture,Tables,Beverage Air Work Table,668.12,2,0.1,147.28,2025,8,August,Q3,0.2204
CA-2025-100583,2025-06-15,2025-06-18,Standard Class,CO-45785,Customer 45785,Consumer,Miami,Florida,33101,South,FUR-BO-10000583,Furniture,Bookcases,Bush Somerset 3-Shelf Bookcase,809.9,2,0.0,313.46,2025,6,June,Q2,0.387
CA-2025-100584,2025-10-17,2025-10-20,Standard Class,CO-39850,Customer 39850,Consumer,Los Angeles,California,90036,West,FUR-CH-10000584,Furniture,Chairs,Harbour Executive Leather Armchair,700.71,3,0.0,243.91,2025,10,October,Q4,0.3481
CA-2025-100585,2025-05-25,2025-05-29,Standard Class,CO-28070,Customer 28070,Corporate,Houston,Texas,77002,Central,OFF-LA-10000585,Office Supplies,Labels,Dymo Address Labels,188.82,2,0.0,53.24,2025,5,May,Q2,0.282
CA-2025-100586,2025-02-21,2025-02-22,Second Class,HO-29566,Customer 29566,Home Office,Atlanta,Georgia,30303,South,FUR-BO-10000586,Furniture,Bookcases,Bush Somerset 3-Shelf Bookcase,535.65,3,0.0,127.21,2025,2,February,Q1,0.2375
CA-2025-100587,2025-03-27,2025-03-30,Second Class,CO-34621,Customer 34621,Consumer,Nashville,Tennessee,37203,South,FUR-FU-10000587,Furniture,Furnishings,Eldon Desktop Organizer,768.27,3,0.0,328.31,2025,3,March,Q1,0.4273
CA-2025-100588,2025-03-01,2025-03-04,Second Class,CO-39555,Customer 39555,Consumer,Nashville,Tennessee,37203,South,OFF-PA-10000588,Office Supplies,Paper,Southworth Fine Parchment Paper,130.88,2,0.0,47.66,2025,3,March,Q1,0.3642
CA-2025-100589,2025-03-05,2025-03-07,Same Day,CO-92554,Customer 92554,Consumer,Nashville,Tennessee,37203,South,FUR-FU-10000589,Furniture,Furnishings,Eldon Desktop Organizer,343.97,1,0.0,95.56,2025,3,March,Q1,0.2778
CA-2025-100590,2025-03-15,2025-03-19,Standard Class,CO-98458,Customer 98458,Consumer,New York City,New York,10011,East,TEC-MA-10000590,Technology,Machines,Star Micronics Receipt Printer,180.69,1,0.5,-47.86,2025,3,March,Q1,-0.2649
CA-2025-100591,2025-10-08,2025-10-10,Standard Class,CO-58319,Customer 58319,Consumer,Seattle,Washington,98103,West,OFF-PA-10000591,Office Supplies,Paper,Hammermill Color Copy Paper,20.53,1,0.0,4.95,2025,10,October,Q4,0.2411
CA-2025-100592,2025-04-03,2025-04-06,First Class,CO-36958,Customer 36958,Consumer,Minneapolis,Minnesota,55401,Central,TEC-MA-10000592,Technology,Machines,Star Micronics Receipt Printer,5671.14,6,0.0,1423.4,2025,4,April,Q2,0.251
CA-2025-100593,2025-06-22,2025-06-25,Standard Class,HO-68422,Customer 68422,Home Office,Phoenix,Arizona,85001,West,OFF-AR-10000593,Office Supplies,Art,Fiskars Scissors,547.1,5,0.0,153.44,2025,6,June,Q2,0.2805
CA-2025-100594,2025-12-24,2025-12-25,Second Class,HO-55453,Customer 55453,Home Office,Minneapolis,Minnesota,55401,Central,OFF-AR-10000594,Office Supplies,Art,Sharpie Highlighter Set,125.6,5,0.2,29.28,2025,12,December,Q4,0.2331
CA-2025-100595,2025-08-22,2025-08-24,Standard Class,CO-15723,Customer 15723,Consumer,Boston,Massachusetts,02108,East,FUR-TA-10000595,Furniture,Tables,Balt Training Table,1329.5,3,0.2,182.01,2025,8,August,Q3,0.1369
CA-2025-100596,2025-10-16,2025-10-19,Second Class,CO-58330,Customer 58330,Consumer,Los Angeles,California,90036,West,OFF-LA-10000596,Office Supplies,Labels,Dymo Address Labels,55.21,1,0.0,12.97,2025,10,October,Q4,0.2349
CA-2025-100597,2025-03-03,2025-03-07,Second Class,CO-55043,Customer 55043,Consumer,Atlanta,Georgia,30303,South,OFF-ST-10000597,Office Supplies,Storage,Stur-D-Stor Shelving,77.65,5,0.0,27.14,2025,3,March,Q1,0.3495
CA-2025-100598,2025-04-16,2025-04-19,Standard Class,CO-67373,Customer 67373,Corporate,Columbus,Ohio,43215,East,TEC-AC-10000598,Technology,Accessories,Anker USB-C Hub 8-in-1,3821.67,3,0.0,380.87,2025,4,April,Q2,0.0997
CA-2025-100599,2025-01-24,2025-01-27,Standard Class,CO-98785,Customer 98785,Corporate,Chicago,Illinois,60611,Central,OFF-AR-10000599,Office Supplies,Art,Crayola Markers 8ct,431.5,5,0.0,97.87,2025,1,January,Q1,0.2268
CA-2025-100600,2025-03-02,2025-03-07,First Class,CO-96512,Customer 96512,Corporate,Phoenix,Arizona,00000,West,OFF-PA-10000600,Office Supplies,Paper,Xerox 228 Premium Copy Paper,72.59,1,0.0,9.49,2025,3,March,Q1,0.1307
CA-2025-100601,2025-05-08,2025-05-11,Standard Class,CO-65270,Customer 65270,Consumer,Los Angeles,California,90036,West,OFF-AR-10000601,Office Supplies,Art,Dixon Ticonderoga Pencils,112.12,5,0.2,42.85,2025,5,May,Q2,0.3822
CA-2025-100602,2025-03-06,2025-03-10,Standard Class,CO-52879,Customer 52879,Corporate,Chicago,Illinois,60611,Central,OFF-BI-10000602,Office Supplies,Binders,GBC ComboBind Spines,112.79,1,0.0,21.73,2025,3,March,Q1,0.1927
CA-2025-100603,2025-02-06,2025-02-07,Second Class,CO-37887,Customer 37887,Consumer,Atlanta,Georgia,30303,South,FUR-TA-10000603,Furniture,Tables,Balt Training Table,275.2,1,0.3,-62.38,2025,2,February,Q1,-0.2267
CA-2025-100604,2025-03-25,2025-03-28,Same Day,CO-80278,Customer 80278,Consumer,Philadelphia,Pennsylvania,19104,East,TEC-CO-10000604,Technology,Copiers,Brother Multifunction Copier,1612.26,3,0.5,-228.75,2025,3,March,Q1,-0.1419
CA-2025-100605,2025-08-11,2025-08-13,Second Class,CO-97342,Customer 97342,Corporate,Miami,Florida,33101,South,OFF-BI-10000605,Office Supplies,Binders,Avery Durable View Binder,87.95,2,0.2,22.11,2025,8,August,Q3,0.2514
CA-2025-100606,2025-04-23,2025-04-30,Standard Class,CO-26260,Customer 26260,Corporate,Chicago,Illinois,60611,Central,OFF-AR-10000606,Office Supplies,Art,Dixon Ticonderoga Pencils,18.14,2,0.0,2.01,2025,4,April,Q2,0.1108
CA-2025-100607,2025-06-07,2025-06-11,Standard Class,CO-68160,Customer 68160,Corporate,Chicago,Illinois,60611,Central,FUR-CH-10000607,Furniture,Chairs,Global Stack Chair,406.43,1,0.0,158.01,2025,6,June,Q2,0.3888
CA-2025-100608,2025-08-11,2025-08-14,Standard Class,CO-97163,Customer 97163,Consumer,Boston,Massachusetts,02108,East,OFF-PA-10000608,Office Supplies,Paper,Unknown Product,79.9,2,0.0,31.8,2025,8,August,Q3,0.398
CA-2025-100609,2025-10-03,2025-10-10,Standard Class,HO-36767,Customer 36767,Home Office,New York City,New York,10011,East,FUR-BO-10000609,Furniture,Bookcases,Atlantic Metal 4-Shelf Bookcase,658.16,2,0.0,76.13,2025,10,October,Q4,0.1157
CA-2025-100610,2025-01-07,2025-01-09,Standard Class,CO-47401,Customer 47401,Consumer,Atlanta,Georgia,30303,South,FUR-FU-10000610,Furniture,Furnishings,Eldon Desktop Organizer,1146.12,2,0.0,273.1,2025,1,January,Q1,0.2383
CA-2025-100611,2025-11-14,2025-11-17,Second Class,CO-73176,Customer 73176,Corporate,Phoenix,Arizona,85001,West,OFF-ST-10000611,Office Supplies,Storage,Stur-D-Stor Shelving,57.78,1,0.2,8.84,2025,11,November,Q4,0.153
CA-2025-100612,2025-09-15,2025-09-18,Standard Class,CO-73025,Customer 73025,Corporate,Portland,Oregon,97201,West,FUR-FU-10000612,Furniture,Furnishings,DAX Black Wood Picture Frame,135.1,1,0.0,33.81,2025,9,September,Q3,0.2503
CA-2025-100613,2025-02-24,2025-02-27,Standard Class,CO-61727,Customer 61727,Consumer,Minneapolis,Minnesota,55401,Central,OFF-AP-10000613,Office Supplies,Appliances,Avanti Compact Refrigerator,26.02,5,0.5,-8.14,2025,2,February,Q1,-0.3128
CA-2025-100614,2025-12-19,2025-12-21,Second Class,HO-55688,Customer 55688,Home Office,Charlotte,North Carolina,28202,South,OFF-AP-10000614,Office Supplies,Appliances,Krups 12-Cup Coffee Maker,333.99,3,0.0,21.31,2025,12,December,Q4,0.0638
CA-2025-100615,2025-12-27,2025-12-30,Second Class,CO-97251,Customer 97251,Consumer,Philadelphia,Pennsylvania,19104,East,OFF-AP-10000615,Office Supplies,Appliances,Hoover WindTunnel Vacuum,48.02,3,0.5,-4.68,2025,12,December,Q4,-0.0975
CA-2025-100616,2025-02-01,2025-02-03,Standard Class,CO-60377,Customer 60377,Corporate,Miami,Florida,33101,South,OFF-AR-10000616,Office Supplies,Art,Sharpie Highlighter Set,38.83,2,0.1,9.72,2025,2,February,Q1,0.2503
CA-2025-100617,2025-05-18,2025-05-22,Standard Class,CO-63950,Customer 63950,Consumer,Los Angeles,California,90036,West,OFF-LA-10000617,Office Supplies,Labels,Avery Mailing Labels,26.99,1,0.2,8.9,2025,5,May,Q2,0.3298
CA-2025-100618,2025-11-01,2025-11-08,First Class,CO-19154,Customer 19154,Consumer,Nashville,Tennessee,37203,South,OFF-AP-10000618,Office Supplies,Appliances,Krups 12-Cup Coffee Maker,35.41,2,0.2,4.58,2025,11,November,Q4,0.1293
CA-2025-100619,2025-11-06,2025-11-09,Standard Class,CO-37862,Customer 37862,Corporate,Boston,Massachusetts,02108,East,FUR-BO-10000619,Furniture,Bookcases,Atlantic Metal 4-Shelf Bookcase,963.2,5,0.0,289.67,2025,11,November,Q4,0.3007
CA-2025-100620,2025-04-20,2025-04-22,Second Class,CO-21233,Customer 21233,Consumer,Miami,Florida,33101,South,FUR-TA-10000620,Furniture,Tables,Beverage Air Work Table,669.8,2,0.1,60.5,2025,4,April,Q2,0.0903
CA-2025-100621,2025-04-02,2025-04-04,Same Day,CO-15486,Customer 15486,Corporate,Seattle,Washington,00000,West,OFF-ST-10000621,Office Supplies,Storage,Sterilite Plastic Tubs,526.68,9,0.2,222.71,2025,4,April,Q2,0.4229
CA-2025-100622,2025-06-16,2025-06-20,Second Class,CO-99372,Customer 99372,Consumer,Detroit,Michigan,48201,Central,TEC-CO-10000622,Technology,Copiers,Brother Multifunction Copier,986.79,3,0.5,-86.91,2025,6,June,Q2,-0.0881
CA-2025-100623,2025-08-26,2025-08-28,Standard Class,CO-28201,Customer 28201,Corporate,Los Angeles,California,90036,West,TEC-CO-10000623,Technology,Copiers,Brother Multifunction Copier,1152.02,1,0.0,373.8,2025,8,August,Q3,0.3245
CA-2025-100624,2025-09-28,2025-10-01,Standard Class,CO-93633,Customer 93633,Consumer,Houston,Texas,77002,Central,OFF-ST-10000624,Office Supplies,Storage,Stur-D-Stor Shelving,82.0,1,0.0,28.35,2025,9,September,Q3,0.3457
CA-2025-100625,2025-06-26,2025-06-27,Standard Class,HO-72406,Customer 72406,Home Office,Phoenix,Arizona,85001,West,FUR-BO-10000625,Furniture,Bookcases,O'Sullivan 2-Door Bookcase,257.48,2,0.0,101.12,2025,6,June,Q2,0.3927
CA-2025-100626,2025-08-17,2025-08-18,Standard Class,CO-98219,Customer 98219,Consumer,Atlanta,Georgia,30303,South,TEC-PH-10000626,Technology,Phones,Motorola Edge 50,1027.7,1,0.0,361.03,2025,8,August,Q3,0.3513
CA-2025-100627,2025-11-22,2025-11-26,Standard Class,HO-13830,Customer 13830,Home Office,Philadelphia,Pennsylvania,19104,East,TEC-CO-10000627,Technology,Copiers,Canon ImageClass Laser Copier,1660.26,3,0.5,-247.08,2025,11,November,Q4,-0.1488
CA-2025-100628,2025-01-22,2025-01-24,Standard Class,CO-21854,Customer 21854,Corporate,Chicago,Illinois,60611,Central,TEC-PH-10000628,Technology,Phones,Google Pixel 8 Pro,1506.74,3,0.2,305.36,2025,1,January,Q1,0.2027
CA-2025-100629,2025-05-21,2025-05-25,Same Day,CO-40587,Customer 40587,Consumer,Philadelphia,Pennsylvania,19104,East,FUR-CH-10000629,Furniture,Chairs,HON 5400 Series Task Chair,207.96,3,0.3,-26.33,2025,5,May,Q2,-0.1266
CA-2025-100630,2025-10-04,2025-10-07,Standard Class,CO-59832,Customer 59832,Consumer,Portland,Oregon,97201,West,FUR-BO-10000630,Furniture,Bookcases,Bush Somerset 3-Shelf Bookcase,1177.84,2,0.0,378.94,2025,10,October,Q4,0.3217
CA-2025-100631,2025-12-26,2025-12-28,Second Class,CO-23970,Customer 23970,Corporate,Miami,Florida,33101,South,OFF-PA-10000631,Office Supplies,Paper,Hammermill Color Copy Paper,91.54,6,0.2,22.88,2025,12,December,Q4,0.2499
CA-2025-100632,2025-08-15,2025-08-17,Standard Class,CO-14501,Customer 14501,Corporate,Detroit,Michigan,48201,Central,OFF-AP-10000632,Office Supplies,Appliances,Hoover WindTunnel Vacuum,137.08,4,0.0,41.46,2025,8,August,Q3,0.3025
CA-2025-100633,2025-08-07,2025-08-10,Second Class,CO-53665,Customer 53665,Consumer,Boston,Massachusetts,02108,East,TEC-AC-10000633,Technology,Accessories,Logitech MX Master 3S Mouse,3898.78,4,0.3,-513.79,2025,8,August,Q3,-0.1318
CA-2025-100634,2025-02-10,2025-02-17,Second Class,HO-12826,Customer 12826,Home Office,Charlotte,North Carolina,28202,South,OFF-PA-10000634,Office Supplies,Paper,Hammermill Color Copy Paper,182.82,2,0.0,29.84,2025,2,February,Q1,0.1632
CA-2025-100635,2025-07-23,2025-07-29,Second Class,CO-22755,Customer 22755,Corporate,Philadelphia,Pennsylvania,19104,East,OFF-BI-10000635,Office Supplies,Binders,Wilson Jones Ring Binder,306.84,3,0.0,35.43,2025,7,July,Q3,0.1155
CA-2025-100636,2025-08-05,2025-08-08,Standard Class,HO-37494,Customer 37494,Home Office,Boston,Massachusetts,02108,East,OFF-ST-10000636,Office Supplies,Storage,Stur-D-Stor Shelving,236.68,3,0.1,105.42,2025,8,August,Q3,0.4454
CA-2025-100637,2025-05-05,2025-05-08,Same Day,CO-32049,Customer 32049,Corporate,Los Angeles,California,90036,West,OFF-PA-10000637,Office Supplies,Paper,Xerox 228 Premium Copy Paper,113.52,1,0.0,21.05,2025,5,May,Q2,0.1854
CA-2025-100638,2025-05-14,2025-05-21,Second Class,CO-14455,Customer 14455,Consumer,Seattle,Washington,98103,West,OFF-LA-10000638,Office Supplies,Labels,Brother Label Tape,57.88,1,0.2,20.86,2025,5,May,Q2,0.3604
CA-2025-100639,2025-06-26,2025-06-30,Standard Class,CO-95237,Customer 95237,Consumer,Charlotte,North Carolina,28202,South,OFF-PA-10000639,Office Supplies,Paper,Hammermill Color Copy Paper,3.37,1,0.0,1.03,2025,6,June,Q2,0.3056
CA-2025-100640,2025-01-17,2025-01-19,Standard Class,HO-72848,Customer 72848,Home Office,Houston,Texas,77002,Central,OFF-AR-10000640,Office Supplies,Art,Sharpie Highlighter Set,177.39,3,0.0,49.42,2025,1,January,Q1,0.2786
CA-2025-100641,2025-06-04,2025-06-07,Second Class,HO-80452,Customer 80452,Home Office,Columbus,Ohio,43215,East,TEC-PH-10000641,Technology,Phones,Motorola Edge 50,1405.57,2,0.2,344.96,2025,6,June,Q2,0.2454
CA-2025-100642,2025-04-17,2025-04-22,Standard Class,HO-95419,Customer 95419,Home Office,Seattle,Washington,98103,West,TEC-PH-10000642,Technology,Phones,Samsung Galaxy S24 Ultra,3920.4,3,0.0,897.35,2025,4,April,Q2,0.2289
CA-2025-100643,2025-06-11,2025-06-13,Standard Class,CO-31130,Customer 31130,Consumer,Portland,Oregon,97201,West,TEC-PH-10000643,Technology,Phones,iPhone 15 Pro Max,2943.8,2,0.0,788.26,2025,6,June,Q2,0.2678
CA-2025-100644,2025-03-14,2025-03-21,Second Class,CO-16051,Customer 16051,Consumer,Minneapolis,Minnesota,55401,Central,FUR-FU-10000644,Furniture,Furnishings,Luxo Task Lamp,3037.23,9,0.0,805.73,2025,3,March,Q1,0.2653
CA-2025-100645,2025-12-07,2025-12-11,Second Class,CO-14814,Customer 14814,Consumer,Boston,Massachusetts,02108,East,FUR-BO-10000645,Furniture,Bookcases,Atlantic Metal 4-Shelf Bookcase,381.18,1,0.0,38.65,2025,12,December,Q4,0.1014
CA-2025-100646,2025-09-20,2025-09-23,Standard Class,CO-95166,Customer 95166,Consumer,Columbus,Ohio,43215,East,OFF-LA-10000646,Office Supplies,Labels,Brother Label Tape,156.57,3,0.0,12.25,2025,9,September,Q3,0.0782
CA-2025-100647,2025-10-24,2025-10-26,Second Class,CO-58777,Customer 58777,Corporate,Columbus,Ohio,43215,East,TEC-CO-10000647,Technology,Copiers,Hewlett Packard LaserJet Copier,4413.64,7,0.0,697.58,2025,10,October,Q4,0.1581
CA-2025-100648,2025-11-18,2025-11-20,Standard Class,CO-93909,Customer 93909,Consumer,Portland,Oregon,97201,West,TEC-CO-10000648,Technology,Copiers,Canon ImageClass Laser Copier,1316.4,1,0.0,264.42,2025,11,November,Q4,0.2009
CA-2025-100649,2025-08-08,2025-08-11,Standard Class,HO-33033,Customer 33033,Home Office,Minneapolis,Minnesota,55401,Central,FUR-TA-10000649,Furniture,Tables,Balt Training Table,364.69,1,0.0,32.69,2025,8,August,Q3,0.0896
CA-2025-100650,2025-02-02,2025-02-04,First Class,CO-55242,Customer 55242,Consumer,Nashville,Tennessee,37203,South,OFF-LA-10000650,Office Supplies,Labels,Avery Mailing Labels,224.18,3,0.1,24.0,2025,2,February,Q1,0.1071
CA-2025-100651,2025-08-19,2025-08-23,Standard Class,CO-58516,Customer 58516,Corporate,Columbus,Ohio,43215,East,OFF-AR-10000651,Office Supplies,Art,Sharpie Highlighter Set,473.52,4,0.0,75.92,2025,8,August,Q3,0.1603
CA-2025-100652,2025-09-14,2025-09-17,Second Class,HO-39984,Customer 39984,Home Office,Houston,Texas,77002,Central,TEC-MA-10000652,Technology,Machines,Dymo LabelWriter 450 Turbo,3850.02,3,0.0,562.16,2025,9,September,Q3,0.146
CA-2025-100653,2025-11-03,2025-11-05,Standard Class,CO-82634,Customer 82634,Corporate,Miami,Florida,33101,South,TEC-MA-10000653,Technology,Machines,3M Laminating Machine,2436.48,3,0.0,623.75,2025,11,November,Q4,0.256
CA-2025-100654,2025-07-22,2025-07-27,Second Class,CO-90777,Customer 90777,Consumer,New York City,New York,10011,East,OFF-AP-10000654,Office Supplies,Appliances,Avanti Compact Refrigerator,72.37,1,0.2,31.14,2025,7,July,Q3,0.4303
CA-2025-100655,2025-03-27,2025-04-03,First Class,CO-15551,Customer 15551,Corporate,Atlanta,Georgia,30303,South,OFF-BI-10000655,Office Supplies,Binders,Wilson Jones Ring Binder,45.26,2,0.0,8.66,2025,3,March,Q1,0.1913
CA-2025-100656,2025-05-02,2025-05-05,Standard Class,CO-24841,Customer 24841,Consumer,Chicago,Illinois,60611,Central,TEC-PH-10000656,Technology,Phones,Google Pixel 8 Pro,518.85,1,0.0,179.11,2025,5,May,Q2,0.3452
CA-2025-100657,2025-06-19,2025-06-22,First Class,HO-94275,Customer 94275,Home Office,Phoenix,Arizona,85001,West,TEC-MA-10000657,Technology,Machines,Star Micronics Receipt Printer,1794.12,3,0.0,343.68,2025,6,June,Q2,0.1916
CA-2025-100658,2025-10-01,2025-10-04,Second Class,CO-11161,Customer 11161,Consumer,Phoenix,Arizona,85001,West,OFF-ST-10000658,Office Supplies,Storage,Fellowes Bankers Box,252.3,5,0.0,90.27,2025,10,October,Q4,0.3578
CA-2025-100659,2025-09-09,2025-09-11,Standard Class,CO-66143,Customer 66143,Consumer,Philadelphia,Pennsylvania,19104,East,FUR-FU-10000659,Furniture,Furnishings,Floor Mat,278.02,2,0.0,53.85,2025,9,September,Q3,0.1937
CA-2025-100660,2025-06-28,2025-07-02,Standard Class,CO-27521,Customer 27521,Consumer,Nashville,Tennessee,37203,South,OFF-ST-10000660,Office Supplies,Storage,Fellowes Bankers Box,241.83,6,0.5,-13.33,2025,6,June,Q2,-0.0551
CA-2025-100661,2025-12-04,2025-12-07,Standard Class,CO-26703,Customer 26703,Corporate,Minneapolis,Minnesota,55401,Central,OFF-AP-10000661,Office Supplies,Appliances,Krups 12-Cup Coffee Maker,98.06,7,0.2,9.85,2025,12,December,Q4,0.1004
CA-2025-100662,2025-09-12,2025-09-15,Second Class,CO-98907,Customer 98907,Consumer,Minneapolis,Minnesota,55401,Central,TEC-PH-10000662,Technology,Phones,Motorola Edge 50,772.27,1,0.0,171.12,2025,9,September,Q3,0.2216
CA-2025-100663,2025-04-20,2025-04-22,Standard Class,CO-25075,Customer 25075,Consumer,Chicago,Illinois,60611,Central,OFF-PA-10000663,Office Supplies,Paper,Xerox 228 Premium Copy Paper,231.68,4,0.0,79.28,2025,4,April,Q2,0.3422
CA-2025-100664,2025-02-20,2025-02-22,Same Day,CO-93162,Customer 93162,Corporate,Boston,Massachusetts,02108,East,FUR-FU-10000664,Furniture,Furnishings,Eldon Desktop Organizer,200.62,1,0.0,11.45,2025,2,February,Q1,0.0571
CA-2025-100665,2025-03-07,2025-03-08,Standard Class,CO-50166,Customer 50166,Consumer,Boston,Massachusetts,02108,East,OFF-PA-10000665,Office Supplies,Paper,Xerox 228 Premium Copy Paper,186.48,3,0.0,29.41,2025,3,March,Q1,0.1577
CA-2025-100666,2025-05-09,2025-05-15,Second Class,CO-16233,Customer 16233,Consumer,New York City,New York,10011,East,FUR-TA-10000666,Furniture,Tables,Beverage Air Work Table,186.23,1,0.1,41.41,2025,5,May,Q2,0.2224
CA-2025-100667,2025-03-09,2025-03-15,Standard Class,CO-22699,Customer 22699,Consumer,Seattle,Washington,98103,West,OFF-AP-10000667,Office Supplies,Appliances,Krups 12-Cup Coffee Maker,242.11,3,0.1,35.18,2025,3,March,Q1,0.1453
CA-2025-100668,2025-04-09,2025-04-11,Standard Class,HO-27102,Customer 27102,Home Office,Los Angeles,California,90036,West,OFF-AP-10000668,Office Supplies,Appliances,Hoover WindTunnel Vacuum,49.54,2,0.0,21.14,2025,4,April,Q2,0.4267
CA-2025-100669,2025-05-20,2025-05-23,Second Class,HO-36476,Customer 36476,Home Office,New York City,New York,10011,East,FUR-FU-10000669,Furniture,Furnishings,Luxo Task Lamp,1729.18,4,0.2,474.03,2025,5,May,Q2,0.2741
CA-2025-100670,2025-03-12,2025-03-17,Standard Class,CO-67163,Customer 67163,Corporate,Phoenix,Arizona,85001,West,OFF-BI-10000670,Office Supplies,Binders,Wilson Jones Ring Binder,10.85,1,0.5,-2.85,2025,3,March,Q1,-0.2627
CA-2025-100671,2025-12-19,2025-12-20,Same Day,CO-62100,Customer 62100,Consumer,Miami,Florida,33101,South,FUR-FU-10000671,Furniture,Furnishings,Floor Mat,270.47,1,0.0,30.83,2025,12,December,Q4,0.114
CA-2025-100672,2025-02-07,2025-02-10,Standard Class,HO-77213,Customer 77213,Home Office,Charlotte,North Carolina,28202,South,OFF-AR-10000672,Office Supplies,Art,Fiskars Scissors,256.71,3,0.0,17.52,2025,2,February,Q1,0.0682
CA-2025-100673,2025-08-08,2025-08-10,Second Class,HO-46406,Customer 46406,Home Office,Philadelphia,Pennsylvania,19104,East,TEC-PH-10000673,Technology,Phones,Samsung Galaxy S24 Ultra,1485.35,1,0.0,459.65,2025,8,August,Q3,0.3095
CA-2025-100674,2025-07-21,2025-07-25,Standard Class,CO-81994,Customer 81994,Consumer,Chicago,Illinois,60611,Central,OFF-BI-10000674,Office Supplies,Binders,GBC ComboBind Spines,32.25,1,0.2,12.24,2025,7,July,Q3,0.3795
CA-2025-100675,2025-12-08,2025-12-12,Standard Class,CO-12049,Customer 12049,Consumer,Phoenix,Arizona,85001,West,TEC-CO-10000675,Technology,Copiers,Brother Multifunction Copier,2371.27,3,0.2,327.84,2025,12,December,Q4,0.1383
CA-2025-100676,2025-03-09,2025-03-11,Second Class,HO-61834,Customer 61834,Home Office,Columbus,Ohio,43215,East,FUR-FU-10000676,Furniture,Furnishings,Luxo Task Lamp,263.16,2,0.0,61.52,2025,3,March,Q1,0.2338
CA-2025-100677,2025-07-27,2025-08-01,Standard Class,CO-33646,Customer 33646,Consumer,Houston,Texas,77002,Central,OFF-AR-10000677,Office Supplies,Art,Sharpie Highlighter Set,83.11,1,0.0,18.33,2025,7,July,Q3,0.2206
CA-2025-100678,2025-12-15,2025-12-21,Same Day,CO-79045,Customer 79045,Consumer,New York City,New York,10011,East,OFF-PA-10000678,Office Supplies,Paper,Hammermill Color Copy Paper,14.21,4,0.2,4.37,2025,12,December,Q4,0.3075
CA-2025-100679,2025-12-02,2025-12-04,Second Class,CO-92232,Customer 92232,Consumer,Los Angeles,California,90036,West,TEC-PH-10000679,Technology,Phones,Google Pixel 8 Pro,1293.81,1,0.0,457.84,2025,12,December,Q4,0.3539
CA-2025-100680,2025-11-15,2025-11-20,Standard Class,CO-41956,Customer 41956,Consumer,Portland,Oregon,97201,West,OFF-ST-10000680,Office Supplies,Storage,Tenex File Box,99.34,1,0.0,25.29,2025,11,November,Q4,0.2546
CA-2025-100681,2025-05-27,2025-05-30,Standard Class,CO-39710,Customer 39710,Consumer,Nashville,Tennessee,37203,South,FUR-TA-10000681,Furniture,Tables,Beverage Air Work Table,1503.71,3,0.1,505.16,2025,5,May,Q2,0.3359
CA-2025-100682,2025-03-04,2025-03-07,Same Day,CO-46937,Customer 46937,Consumer,Houston,Texas,77002,Central,OFF-ST-10000682,Office Supplies,Storage,Stur-D-Stor Shelving,388.32,5,0.3,-65.49,2025,3,March,Q1,-0.1686
CA-2025-100683,2025-10-06,2025-10-09,Standard Class,CO-65737,Customer 65737,Consumer,Philadelphia,Pennsylvania,19104,East,OFF-LA-10000683,Office Supplies,Labels,Dymo Address Labels,105.3,1,0.0,20.81,2025,10,October,Q4,0.1976
CA-2025-100684,2025-12-09,2025-12-14,Second Class,CO-10285,Customer 10285,Consumer,Boston,Massachusetts,02108,East,OFF-PA-10000684,Office Supplies,Paper,Hammermill Color Copy Paper,348.48,4,0.0,26.81,2025,12,December,Q4,0.0769
CA-2025-100685,2025-09-19,2025-09-22,Second Class,CO-52343,Customer 52343,Consumer,Boston,Massachusetts,02108,East,OFF-LA-10000685,Office Supplies,Labels,Dymo Address Labels,60.32,2,0.5,-10.22,2025,9,September,Q3,-0.1694
CA-2025-100686,2025-09-21,2025-09-24,First Class,CO-42231,Customer 42231,Corporate,Nashville,Tennessee,37203,South,OFF-BI-10000686,Office Supplies,Binders,Avery Durable View Binder,120.26,2,0.0,10.04,2025,9,September,Q3,0.0835
CA-2025-100687,2025-05-23,2025-05-26,Standard Class,CO-38748,Customer 38748,Corporate,Seattle,Washington,98103,West,OFF-AR-10000687,Office Supplies,Art,Dixon Ticonderoga Pencils,89.52,2,0.0,8.42,2025,5,May,Q2,0.0941
CA-2025-100688,2025-11-12,2025-11-15,First Class,CO-28264,Customer 28264,Corporate,Minneapolis,Minnesota,55401,Central,FUR-FU-10000688,Furniture,Furnishings,DAX Black Wood Picture Frame,132.73,1,0.2,12.86,2025,11,November,Q4,0.0969
CA-2025-100689,2025-04-23,2025-04-27,Standard Class,CO-65667,Customer 65667,Consumer,Houston,Texas,77002,Central,OFF-AP-10000689,Office Supplies,Appliances,Avanti Compact Refrigerator,29.96,4,0.3,-10.21,2025,4,April,Q2,-0.3408
CA-2025-100690,2025-06-12,2025-06-14,Standard Class,CO-64590,Customer 64590,Consumer,Boston,Massachusetts,02108,East,OFF-AR-10000690,Office Supplies,Art,Fiskars Scissors,172.44,3,0.0,53.1,2025,6,June,Q2,0.3079
CA-2025-100691,2025-07-01,2025-07-03,Standard Class,HO-14209,Customer 14209,Home Office,Boston,Massachusetts,02108,East,FUR-FU-10000691,Furniture,Furnishings,Floor Mat,993.41,4,0.3,-198.12,2025,7,July,Q3,-0.1994
CA-2025-100692,2025-08-23,2025-08-25,First Class,CO-22050,Customer 22050,Consumer,Atlanta,Georgia,30303,South,OFF-PA-10000692,Office Supplies,Paper,Southworth Fine Parchment Paper,13.78,2,0.2,6.07,2025,8,August,Q3,0.4405
CA-2025-100693,2025-05-20,2025-05-25,First Class,CO-51050,Customer 51050,Consumer,Nashville,Tennessee,37203,South,FUR-TA-10000693,Furniture,Tables,Balt Training Table,283.32,1,0.0,55.27,2025,5,May,Q2,0.1951
CA-2025-100694,2025-03-25,2025-03-30,Standard Class,CO-80984,Customer 80984,Consumer,Los Angeles,California,90036,West,FUR-CH-10000694,Furniture,Chairs,Novimex Swivel Chair,107.28,1,0.3,-29.81,2025,3,March,Q1,-0.2779
CA-2025-100695,2025-09-03,2025-09-10,Standard Class,CO-73413,Customer 73413,Corporate,Los Angeles,California,90036,West,OFF-LA-10000695,Office Supplies,Labels,Avery Mailing Labels,235.4,4,0.5,-47.06,2025,9,September,Q3,-0.1999
CA-2025-100696,2025-05-11,2025-05-15,Second Class,HO-98432,Customer 98432,Home Office,Portland,Oregon,97201,West,OFF-AP-10000696,Office Supplies,Appliances,Avanti Compact Refrigerator,55.68,4,0.0,15.86,2025,5,May,Q2,0.2848
CA-2025-100697,2025-09-13,2025-09-16,First Class,CO-31131,Customer 31131,Consumer,Columbus,Ohio,43215,East,FUR-CH-10000697,Furniture,Chairs,Harbour Executive Leather Armchair,1931.11,4,0.1,690.43,2025,9,September,Q3,0.3575
CA-2025-100698,2025-03-06,2025-03-13,Standard Class,HO-89788,Customer 89788,Home Office,Minneapolis,Minnesota,55401,Central,OFF-LA-10000698,Office Supplies,Labels,Dymo Address Labels,222.6,5,0.0,90.44,2025,3,March,Q1,0.4063
CA-2025-100699,2025-08-25,2025-08-29,Standard Class,HO-89544,Customer 89544,Home Office,Seattle,Washington,98103,West,OFF-PA-10000699,Office Supplies,Paper,Xerox 228 Premium Copy Paper,67.87,1,0.3,-12.61,2025,8,August,Q3,-0.1858
CA-2025-100700,2025-08-26,2025-08-30,Standard Class,CO-51119,Customer 51119,Consumer,Philadelphia,Pennsylvania,19104,East,FUR-TA-10000700,Furniture,Tables,Balt Training Table,249.83,1,0.0,89.63,2025,8,August,Q3,0.3588
CA-2025-100701,2025-01-09,2025-01-16,Same Day,CO-67939,Customer 67939,Corporate,New York City,New York,10011,East,TEC-MA-10000701,Technology,Machines,Star Micronics Receipt Printer,608.86,1,0.0,181.36,2025,1,January,Q1,0.2979
CA-2025-100702,2025-06-22,2025-06-24,Standard Class,HO-51110,Customer 51110,Home Office,Houston,Texas,77002,Central,OFF-BI-10000702,Office Supplies,Binders,GBC ComboBind Spines,148.54,5,0.1,44.3,2025,6,June,Q2,0.2982
CA-2025-100703,2025-03-21,2025-03-22,Second Class,CO-83505,Customer 83505,Corporate,Seattle,Washington,98103,West,TEC-CO-10000703,Technology,Copiers,Hewlett Packard LaserJet Copier,642.98,2,0.0,132.0,2025,3,March,Q1,0.2053
CA-2025-100704,2025-02-15,2025-02-19,Standard Class,CO-80138,Customer 80138,Consumer,Miami,Florida,33101,South,FUR-CH-10000704,Furniture,Chairs,Global Stack Chair,472.52,1,0.0,83.6,2025,2,February,Q1,0.1769
CA-2025-100705,2025-12-20,2025-12-23,Second Class,CO-46487,Customer 46487,Consumer,Miami,Florida,33101,South,OFF-PA-10000705,Office Supplies,Paper,Xerox 228 Premium Copy Paper,155.1,2,0.0,45.05,2025,12,December,Q4,0.2905
CA-2025-100706,2025-06-13,2025-06-14,First Class,CO-72050,Customer 72050,Corporate,New York City,New York,10011,East,FUR-CH-10000706,Furniture,Chairs,Global Stack Chair,595.26,3,0.0,46.25,2025,6,June,Q2,0.0777
CA-2025-100707,2025-11-13,2025-11-14,First Class,CO-65013,Customer 65013,Consumer,Philadelphia,Pennsylvania,19104,East,FUR-CH-10000707,Furniture,Chairs,HON 5400 Series Task Chair,542.23,2,0.5,-141.48,2025,11,November,Q4,-0.2609
CA-2025-100708,2025-05-07,2025-05-10,Standard Class,CO-31061,Customer 31061,Consumer,Charlotte,North Carolina,28202,South,TEC-MA-10000708,Technology,Machines,Star Micronics Receipt Printer,4426.35,5,0.0,1500.93,2025,5,May,Q2,0.3391
CA-2025-100709,2025-10-19,2025-10-23,Standard Class,HO-51486,Customer 51486,Home Office,Seattle,Washington,98103,West,TEC-AC-10000709,Technology,Accessories,Keychron K2 Mechanical Keyboard,655.01,1,0.5,-149.4,2025,10,October,Q4,-0.2281
CA-2025-100710,2025-11-17,2025-11-21,Same Day,HO-26478,Customer 26478,Home Office,Miami,Florida,33101,South,FUR-BO-10000710,Furniture,Bookcases,Bush Somerset 3-Shelf Bookcase,1558.98,4,0.1,212.73,2025,11,November,Q4,0.1365
CA-2025-100711,2025-09-07,2025-09-14,Same Day,CO-11883,Customer 11883,Corporate,Detroit,Michigan,48201,Central,FUR-TA-10000711,Furniture,Tables,Balt Training Table,500.48,1,0.0,225.03,2025,9,September,Q3,0.4496
CA-2025-100712,2025-08-14,2025-08-17,Standard Class,CO-78572,Customer 78572,Corporate,Houston,Texas,77002,Central,TEC-MA-10000712,Technology,Machines,Dymo LabelWriter 450 Turbo,1867.11,3,0.0,418.89,2025,8,August,Q3,0.2244
CA-2025-100713,2025-07-10,2025-07-15,Second Class,CO-47125,Customer 47125,Consumer,Los Angeles,California,90036,West,TEC-PH-10000713,Technology,Phones,iPhone 15 Pro Max,3028.41,3,0.0,752.75,2025,7,July,Q3,0.2486
CA-2025-100714,2025-06-25,2025-06-29,Standard Class,CO-75976,Customer 75976,Corporate,Portland,Oregon,97201,West,TEC-AC-10000714,Technology,Accessories,Anker USB-C Hub 8-in-1,3562.89,3,0.0,1398.57,2025,6,June,Q2,0.3925
CA-2025-100715,2025-12-04,2025-12-07,Second Class,CO-94523,Customer 94523,Consumer,Miami,Florida,33101,South,TEC-AC-10000715,Technology,Accessories,SanDisk 128GB Flash Drive,1423.95,3,0.0,585.34,2025,12,December,Q4,0.4111
CA-2025-100716,2025-11-14,2025-11-18,Standard Class,HO-14282,Customer 14282,Home Office,Los Angeles,California,90036,West,FUR-TA-10000716,Furniture,Tables,Balt Training Table,1503.06,3,0.0,651.82,2025,11,November,Q4,0.4337
CA-2025-100717,2025-12-14,2025-12-16,Same Day,CO-94467,Customer 94467,Consumer,Miami,Florida,33101,South,TEC-MA-10000717,Technology,Machines,Star Micronics Receipt Printer,2264.24,2,0.2,478.32,2025,12,December,Q4,0.2112
CA-2025-100718,2025-03-11,2025-03-14,Standard Class,CO-26558,Customer 26558,Consumer,Phoenix,Arizona,85001,West,TEC-CO-10000718,Technology,Copiers,Brother Multifunction Copier,645.34,2,0.0,38.89,2025,3,March,Q1,0.0603
CA-2025-100719,2025-11-01,2025-11-05,Standard Class,CO-81260,Customer 81260,Consumer,Phoenix,Arizona,85001,West,FUR-BO-10000719,Furniture,Bookcases,Bush Somerset 3-Shelf Bookcase,1595.8,4,0.0,496.31,2025,11,November,Q4,0.311
CA-2025-100720,2025-12-08,2025-12-10,Standard Class,CO-59559,Customer 59559,Consumer,Houston,Texas,77002,Central,FUR-BO-10000720,Furniture,Bookcases,O'Sullivan 2-Door Bookcase,395.2,9,0.3,-125.17,2025,12,December,Q4,-0.3167
CA-2025-100721,2025-04-20,2025-04-22,Standard Class,CO-33675,Customer 33675,Consumer,Los Angeles,California,90036,West,OFF-LA-10000721,Office Supplies,Labels,Avery Mailing Labels,96.22,2,0.0,7.64,2025,4,April,Q2,0.0794
CA-2025-100722,2025-02-21,2025-02-22,Second Class,CO-51102,Customer 51102,Consumer,Atlanta,Georgia,30303,South,FUR-CH-10000722,Furniture,Chairs,Harbour Executive Leather Armchair,866.92,3,0.3,-272.94,2025,2,February,Q1,-0.3148
CA-2025-100723,2025-11-11,2025-11-18,Standard Class,CO-81628,Customer 81628,Corporate,Seattle,Washington,00000,West,OFF-LA-10000723,Office Supplies,Labels,Avery Mailing Labels,24.76,1,0.0,6.31,2025,11,November,Q4,0.2548
CA-2025-100724,2025-09-05,2025-09-07,Standard Class,HO-13866,Customer 13866,Home Office,Chicago,Illinois,60611,Central,FUR-BO-10000724,Furniture,Bookcases,Bush Somerset 3-Shelf Bookcase,200.52,1,0.0,66.82,2025,9,September,Q3,0.3332
CA-2025-100725,2025-11-21,2025-11-23,Second Class,CO-77194,Customer 77194,Consumer,Atlanta,Georgia,30303,South,FUR-BO-10000725,Furniture,Bookcases,O'Sullivan 2-Door Bookcase,772.98,3,0.5,-246.68,2025,11,November,Q4,-0.3191
CA-2025-100726,2025-03-26,2025-03-30,Standard Class,CO-73941,Customer 73941,Corporate,Nashville,Tennessee,37203,South,OFF-AP-10000726,Office Supplies,Appliances,Krups 12-Cup Coffee Maker,265.36,3,0.1,58.84,2025,3,March,Q1,0.2217
CA-2025-100727,2025-11-19,2025-11-22,First Class,HO-68904,Customer 68904,Home Office,New York City,New York,10011,East,TEC-CO-10000727,Technology,Copiers,Brother Multifunction Copier,1414.83,3,0.3,-91.8,2025,11,November,Q4,-0.0649
CA-2025-100728,2025-04-17,2025-04-20,Standard Class,CO-52294,Customer 52294,Consumer,Atlanta,Georgia,30303,South,OFF-ST-10000728,Office Supplies,Storage,Fellowes Bankers Box,127.23,2,0.2,12.59,2025,4,April,Q2,0.099
CA-2025-100729,2025-03-11,2025-03-15,Second Class,CO-84379,Customer 84379,Consumer,Chicago,Illinois,60611,Central,OFF-PA-10000729,Office Supplies,Paper,Hammermill Color Copy Paper,146.02,2,0.0,23.54,2025,3,March,Q1,0.1612
CA-2025-100730,2025-03-20,2025-03-26,First Class,CO-85228,Customer 85228,Corporate,Nashville,Tennessee,37203,South,OFF-LA-10000730,Office Supplies,Labels,Avery Mailing Labels,101.04,4,0.0,45.07,2025,3,March,Q1,0.4461
CA-2025-100731,2025-11-14,2025-11-16,Standard Class,CO-87485,Customer 87485,Corporate,Atlanta,Georgia,30303,South,OFF-LA-10000731,Office Supplies,Labels,Avery Mailing Labels,194.88,5,0.5,-14.91,2025,11,November,Q4,-0.0765
CA-2025-100732,2025-10-10,2025-10-12,Same Day,CO-79922,Customer 79922,Consumer,Portland,Oregon,97201,West,OFF-ST-10000732,Office Supplies,Storage,Sterilite Plastic Tubs,42.3,4,0.2,6.76,2025,10,October,Q4,0.1598
CA-2025-100733,2025-08-25,2025-08-28,Standard Class,CO-74725,Customer 74725,Corporate,Phoenix,Arizona,85001,West,FUR-FU-10000733,Furniture,Furnishings,Floor Mat,3617.39,7,0.0,721.9,2025,8,August,Q3,0.1996
CA-2025-100734,2025-06-20,2025-06-22,Standard Class,HO-28184,Customer 28184,Home Office,Portland,Oregon,97201,West,TEC-MA-10000734,Technology,Machines,Star Micronics Receipt Printer,236.79,1,0.3,-56.67,2025,6,June,Q2,-0.2393
CA-2025-100735,2025-12-18,2025-12-25,First Class,HO-44037,Customer 44037,Home Office,Los Angeles,California,90036,West,FUR-TA-10000735,Furniture,Tables,Beverage Air Work Table,468.12,3,0.2,94.48,2025,12,December,Q4,0.2018
CA-2025-100736,2025-07-23,2025-07-25,Standard Class,CO-26552,Customer 26552,Consumer,Chicago,Illinois,60611,Central,OFF-PA-10000736,Office Supplies,Paper,Southworth Fine Parchment Paper,54.72,1,0.0,15.38,2025,7,July,Q3,0.2811
CA-2025-100737,2025-11-22,2025-11-25,Standard Class,CO-73269,Customer 73269,Corporate,New York City,New York,10011,East,FUR-TA-10000737,Furniture,Tables,Balt Training Table,200.63,3,0.3,-30.53,2025,11,November,Q4,-0.1522
CA-2025-100738,2025-07-24,2025-07-29,Second Class,CO-74828,Customer 74828,Consumer,Seattle,Washington,98103,West,FUR-BO-10000738,Furniture,Bookcases,Bush Somerset 3-Shelf Bookcase,500.18,1,0.0,66.76,2025,7,July,Q3,0.1335
CA-2025-100739,2025-06-19,2025-06-23,Standard Class,CO-50871,Customer 50871,Consumer,Atlanta,Georgia,30303,South,TEC-PH-10000739,Technology,Phones,Samsung Galaxy S24 Ultra,406.3,2,0.5,-36.42,2025,6,June,Q2,-0.0896
CA-2025-100740,2025-08-17,2025-08-19,Standard Class,CO-65455,Customer 65455,Consumer,Philadelphia,Pennsylvania,19104,East,TEC-PH-10000740,Technology,Phones,Samsung Galaxy S24 Ultra,745.34,1,0.0,42.21,2025,8,August,Q3,0.0566
CA-2025-100741,2025-05-15,2025-05-17,Standard Class,CO-69328,Customer 69328,Corporate,Detroit,Michigan,48201,Central,FUR-CH-10000741,Furniture,Chairs,Novimex Swivel Chair,287.31,1,0.0,72.74,2025,5,May,Q2,0.2532
CA-2025-100742,2025-11-02,2025-11-05,Standard Class,CO-60137,Customer 60137,Consumer,Atlanta,Georgia,30303,South,FUR-FU-10000742,Furniture,Furnishings,DAX Black Wood Picture Frame,753.46,2,0.0,168.34,2025,11,November,Q4,0.2234
CA-2025-100743,2025-08-22,2025-08-23,Standard Class,CO-25097,Customer 25097,Consumer,Los Angeles,California,90036,West,OFF-AR-10000743,Office Supplies,Art,Dixon Ticonderoga Pencils,45.35,1,0.3,-6.36,2025,8,August,Q3,-0.1402
CA-2025-100744,2025-04-13,2025-04-16,Standard Class,CO-45162,Customer 45162,Corporate,Atlanta,Georgia,30303,South,FUR-BO-10000744,Furniture,Bookcases,Bush Somerset 3-Shelf Bookcase,1200.87,3,0.0,61.54,2025,4,April,Q2,0.0512
CA-2025-100745,2025-12-06,2025-12-09,Second Class,CO-50019,Customer 50019,Consumer,Boston,Massachusetts,02108,East,OFF-ST-10000745,Office Supplies,Storage,Fellowes Bankers Box,120.55,5,0.0,6.64,2025,12,December,Q4,0.0551
CA-2025-100746,2025-07-16,2025-07-19,Standard Class,HO-20089,Customer 20089,Home Office,New York City,New York,10011,East,OFF-PA-10000746,Office Supplies,Paper,Southworth Fine Parchment Paper,10.6,5,0.0,0.72,2025,7,July,Q3,0.0679
CA-2025-100747,2025-09-01,2025-09-04,Same Day,HO-78848,Customer 78848,Home Office,Boston,Massachusetts,02108,East,OFF-ST-10000747,Office Supplies,Storage,Stur-D-Stor Shelving,193.72,2,0.0,36.87,2025,9,September,Q3,0.1903
CA-2025-100748,2025-12-18,2025-12-20,Standard Class,CO-11777,Customer 11777,Consumer,Detroit,Michigan,48201,Central,OFF-BI-10000748,Office Supplies,Binders,Avery Durable View Binder,515.6,5,0.0,49.04,2025,12,December,Q4,0.0951
CA-2025-100749,2025-09-22,2025-09-25,Second Class,CO-63781,Customer 63781,Consumer,Boston,Massachusetts,02108,East,OFF-ST-10000749,Office Supplies,Storage,Fellowes Bankers Box,210.45,3,0.0,27.89,2025,9,September,Q3,0.1325
CA-2025-100750,2025-03-03,2025-03-05,Same Day,CO-45903,Customer 45903,Corporate,Atlanta,Georgia,30303,South,FUR-TA-10000750,Furniture,Tables,Bienna Executive Dining Table,265.06,2,0.5,-68.17,2025,3,March,Q1,-0.2572
CA-2025-100751,2025-12-02,2025-12-05,Second Class,HO-26116,Customer 26116,Home Office,Nashville,Tennessee,37203,South,OFF-LA-10000751,Office Supplies,Labels,Dymo Address Labels,10.5,1,0.3,-3.21,2025,12,December,Q4,-0.3057
CA-2025-100752,2025-09-22,2025-09-24,Same Day,CO-97073,Customer 97073,Corporate,Philadelphia,Pennsylvania,19104,East,OFF-ST-10000752,Office Supplies,Storage,Stur-D-Stor Shelving,3.84,1,0.0,1.1,2025,9,September,Q3,0.2865
CA-2025-100753,2025-06-02,2025-06-05,Standard Class,CO-10084,Customer 10084,Consumer,Portland,Oregon,97201,West,FUR-TA-10000753,Furniture,Tables,Balt Training Table,1663.72,4,0.0,140.42,2025,6,June,Q2,0.0844
CA-2025-100754,2025-03-09,2025-03-11,Second Class,CO-20579,Customer 20579,Consumer,Chicago,Illinois,60611,Central,FUR-TA-10000754,Furniture,Tables,Beverage Air Work Table,1489.32,3,0.0,650.48,2025,3,March,Q1,0.4368
CA-2025-100755,2025-11-04,2025-11-09,First Class,CO-32715,Customer 32715,Corporate,Charlotte,North Carolina,28202,South,TEC-AC-10000755,Technology,Accessories,Anker USB-C Hub 8-in-1,900.06,2,0.0,154.81,2025,11,November,Q4,0.172
CA-2025-100756,2025-09-10,2025-09-13,Second Class,CO-59278,Customer 59278,Corporate,Miami,Florida,33101,South,FUR-FU-10000756,Furniture,Furnishings,Luxo Task Lamp,981.3,3,0.0,188.09,2025,9,September,Q3,0.1917
CA-2025-100757,2025-08-15,2025-08-18,Standard Class,CO-83257,Customer 83257,Consumer,Phoenix,Arizona,85001,West,FUR-BO-10000757,Furniture,Bookcases,O'Sullivan 2-Door Bookcase,2195.08,4,0.0,437.36,2025,8,August,Q3,0.1992
CA-2025-100758,2025-12-20,2025-12-23,Standard Class,CO-61466,Customer 61466,Consumer,Columbus,Ohio,43215,East,OFF-PA-10000758,Office Supplies,Paper,Southworth Fine Parchment Paper,56.31,1,0.0,21.51,2025,12,December,Q4,0.382
CA-2025-100759,2025-11-21,2025-11-23,Standard Class,HO-84113,Customer 84113,Home Office,Charlotte,North Carolina,28202,South,TEC-PH-10000759,Technology,Phones,iPhone 15 Pro Max,2164.4,2,0.0,945.65,2025,11,November,Q4,0.4369
CA-2025-100760,2025-03-05,2025-03-07,Second Class,HO-49438,Customer 49438,Home Office,Houston,Texas,77002,Central,TEC-AC-10000760,Technology,Accessories,Logitech MX Master 3S Mouse,135.8,1,0.3,-26.35,2025,3,March,Q1,-0.194
CA-2025-100761,2025-06-08,2025-06-10,Standard Class,HO-68171,Customer 68171,Home Office,Miami,Florida,33101,South,TEC-CO-10000761,Technology,Copiers,Hewlett Packard LaserJet Copier,777.21,1,0.0,302.41,2025,6,June,Q2,0.3891
CA-2025-100762,2025-05-09,2025-05-14,Second Class,HO-90892,Customer 90892,Home Office,Phoenix,Arizona,85001,West,FUR-CH-10000762,Furniture,Chairs,Harbour Executive Leather Armchair,383.79,3,0.0,97.72,2025,5,May,Q2,0.2546
CA-2025-100763,2025-11-23,2025-11-26,Standard Class,CO-97495,Customer 97495,Consumer,Phoenix,Arizona,85001,West,OFF-LA-10000763,Office Supplies,Labels,Dymo Address Labels,190.12,4,0.0,71.37,2025,11,November,Q4,0.3754
CA-2025-100764,2025-01-05,2025-01-06,Standard Class,CO-11444,Customer 11444,Corporate,Houston,Texas,77002,Central,OFF-AP-10000764,Office Supplies,Appliances,Avanti Compact Refrigerator,272.25,5,0.0,28.78,2025,1,January,Q1,0.1057
CA-2025-100765,2025-09-24,2025-09-27,Standard Class,CO-75619,Customer 75619,Consumer,Philadelphia,Pennsylvania,19104,East,TEC-MA-10000765,Technology,Machines,3M Laminating Machine,563.61,3,0.0,190.32,2025,9,September,Q3,0.3377
CA-2025-100766,2025-11-11,2025-11-14,First Class,CO-96303,Customer 96303,Consumer,Minneapolis,Minnesota,55401,Central,FUR-FU-10000766,Furniture,Furnishings,Floor Mat,1738.23,3,0.0,579.53,2025,11,November,Q4,0.3334
CA-2025-100767,2025-12-17,2025-12-21,Standard Class,CO-52477,Customer 52477,Consumer,Minneapolis,Minnesota,55401,Central,FUR-CH-10000767,Furniture,Chairs,Harbour Executive Leather Armchair,532.32,3,0.0,171.26,2025,12,December,Q4,0.3217
CA-2025-100768,2025-06-11,2025-06-15,Same Day,HO-41013,Customer 41013,Home Office,Seattle,Washington,98103,West,OFF-PA-10000768,Office Supplies,Paper,Hammermill Color Copy Paper,110.84,1,0.0,7.2,2025,6,June,Q2,0.065
CA-2025-100769,2025-11-24,2025-11-25,Second Class,CO-13861,Customer 13861,Corporate,Philadelphia,Pennsylvania,19104,East,FUR-FU-10000769,Furniture,Furnishings,Floor Mat,369.81,3,0.0,47.44,2025,11,November,Q4,0.1283
CA-2025-100770,2025-03-16,2025-03-19,Standard Class,CO-31245,Customer 31245,Consumer,Atlanta,Georgia,30303,South,FUR-CH-10000770,Furniture,Chairs,HON 5400 Series Task Chair,453.46,4,0.3,-109.8,2025,3,March,Q1,-0.2421
CA-2025-100771,2025-11-14,2025-11-17,First Class,CO-99438,Customer 99438,Consumer,Atlanta,Georgia,30303,South,TEC-MA-10000771,Technology,Machines,3M Laminating Machine,1778.85,3,0.0,187.05,2025,11,November,Q4,0.1052
CA-2025-100772,2025-03-03,2025-03-06,Second Class,HO-84599,Customer 84599,Home Office,Seattle,Washington,98103,West,OFF-LA-10000772,Office Supplies,Labels,Avery Mailing Labels,14.33,1,0.1,2.61,2025,3,March,Q1,0.1821
CA-2025-100773,2025-07-08,2025-07-13,Standard Class,HO-61173,Customer 61173,Home Office,Houston,Texas,77002,Central,TEC-AC-10000773,Technology,Accessories,SanDisk 128GB Flash Drive,429.85,3,0.3,-30.29,2025,7,July,Q3,-0.0705
CA-2025-100774,2025-11-17,2025-11-20,Second Class,CO-24532,Customer 24532,Corporate,Charlotte,North Carolina,28202,South,OFF-ST-10000774,Office Supplies,Storage,Stur-D-Stor Shelving,36.21,1,0.3,-12.03,2025,11,November,Q4,-0.3322
CA-2025-100775,2025-03-07,2025-03-10,Second Class,HO-96944,Customer 96944,Home Office,Seattle,Washington,98103,West,OFF-BI-10000775,Office Supplies,Binders,Avery Durable View Binder,339.84,4,0.0,150.35,2025,3,March,Q1,0.4424
CA-2025-100776,2025-04-14,2025-04-17,Second Class,CO-82276,Customer 82276,Consumer,Atlanta,Georgia,30303,South,FUR-CH-10000776,Furniture,Chairs,Unknown Product,125.24,2,0.1,27.88,2025,4,April,Q2,0.2226
CA-2025-100777,2025-10-10,2025-10-14,First Class,CO-17255,Customer 17255,Consumer,Seattle,Washington,98103,West,OFF-PA-10000777,Office Supplies,Paper,Southworth Fine Parchment Paper,82.66,1,0.0,16.93,2025,10,October,Q4,0.2048
CA-2025-100778,2025-10-13,2025-10-17,Standard Class,CO-28057,Customer 28057,Consumer,Phoenix,Arizona,85001,West,FUR-TA-10000778,Furniture,Tables,Bienna Executive Dining Table,313.02,2,0.0,44.7,2025,10,October,Q4,0.1428
CA-2025-100779,2025-10-19,2025-10-20,Standard Class,CO-80283,Customer 80283,Corporate,Los Angeles,California,90036,West,TEC-AC-10000779,Technology,Accessories,Logitech MX Master 3S Mouse,207.26,1,0.0,13.99,2025,10,October,Q4,0.0675
CA-2025-100780,2025-10-12,2025-10-16,First Class,HO-27002,Customer 27002,Home Office,Nashville,Tennessee,37203,South,OFF-AP-10000780,Office Supplies,Appliances,Hoover WindTunnel Vacuum,66.06,6,0.0,21.94,2025,10,October,Q4,0.3321
CA-2025-100781,2025-09-27,2025-09-30,First Class,CO-49677,Customer 49677,Consumer,Detroit,Michigan,48201,Central,TEC-AC-10000781,Technology,Accessories,SanDisk 128GB Flash Drive,1092.8,2,0.0,206.16,2025,9,September,Q3,0.1887
CA-2025-100782,2025-05-14,2025-05-18,Second Class,CO-36680,Customer 36680,Consumer,Boston,Massachusetts,02108,East,OFF-BI-10000782,Office Supplies,Binders,Wilson Jones Ring Binder,39.55,3,0.2,2.54,2025,5,May,Q2,0.0642
CA-2025-100783,2025-06-08,2025-06-12,Second Class,CO-24973,Customer 24973,Consumer,Phoenix,Arizona,85001,West,TEC-CO-10000783,Technology,Copiers,Hewlett Packard LaserJet Copier,923.54,2,0.5,-306.69,2025,6,June,Q2,-0.3321
CA-2025-100784,2025-04-28,2025-05-02,Standard Class,HO-60418,Customer 60418,Home Office,Miami,Florida,33101,South,FUR-FU-10000784,Furniture,Furnishings,DAX Black Wood Picture Frame,743.33,2,0.1,46.47,2025,4,April,Q2,0.0625
CA-2025-100785,2025-12-25,2025-12-28,Standard Class,CO-54068,Customer 54068,Corporate,Chicago,Illinois,60611,Central,OFF-LA-10000785,Office Supplies,Labels,Brother Label Tape,199.7,2,0.0,68.24,2025,12,December,Q4,0.3417
CA-2025-100786,2025-09-24,2025-09-28,First Class,CO-98862,Customer 98862,Corporate,Minneapolis,Minnesota,55401,Central,OFF-AP-10000786,Office Supplies,Appliances,Avanti Compact Refrigerator,46.37,1,0.5,-9.73,2025,9,September,Q3,-0.2098
CA-2025-100787,2025-07-08,2025-07-10,Standard Class,CO-45965,Customer 45965,Corporate,Seattle,Washington,98103,West,OFF-LA-10000787,Office Supplies,Labels,Dymo Address Labels,69.39,1,0.0,10.93,2025,7,July,Q3,0.1575
CA-2025-100788,2025-08-09,2025-08-13,First Class,CO-26293,Customer 26293,Corporate,Detroit,Michigan,48201,Central,TEC-AC-10000788,Technology,Accessories,Keychron K2 Mechanical Keyboard,1495.62,2,0.0,652.62,2025,8,August,Q3,0.4364
CA-2025-100789,2025-12-16,2025-12-20,Standard Class,CO-85965,Customer 85965,Consumer,Portland,Oregon,97201,West,TEC-CO-10000789,Technology,Copiers,Canon ImageClass Laser Copier,573.3,1,0.2,88.18,2025,12,December,Q4,0.1538
CA-2025-100790,2025-03-16,2025-03-18,Second Class,CO-90995,Customer 90995,Consumer,Seattle,Washington,98103,West,FUR-CH-10000790,Furniture,Chairs,Harbour Executive Leather Armchair,2132.2,5,0.0,142.39,2025,3,March,Q1,0.0668
CA-2025-100791,2025-09-23,2025-09-25,Same Day,HO-43743,Customer 43743,Home Office,Portland,Oregon,97201,West,OFF-ST-10000791,Office Supplies,Storage,Fellowes Bankers Box,43.27,1,0.0,11.01,2025,9,September,Q3,0.2544
CA-2025-100792,2025-08-08,2025-08-10,Standard Class,HO-99262,Customer 99262,Home Office,Miami,Florida,33101,South,OFF-LA-10000792,Office Supplies,Labels,Avery Mailing Labels,14.73,3,0.0,6.48,2025,8,August,Q3,0.4399
CA-2025-100793,2025-09-21,2025-09-24,First Class,CO-14083,Customer 14083,Consumer,Philadelphia,Pennsylvania,19104,East,FUR-BO-10000793,Furniture,Bookcases,O'Sullivan 2-Door Bookcase,153.7,3,0.2,39.09,2025,9,September,Q3,0.2543
CA-2025-100794,2025-01-25,2025-01-29,Second Class,CO-38163,Customer 38163,Corporate,Miami,Florida,33101,South,OFF-AR-10000794,Office Supplies,Art,Sharpie Highlighter Set,137.98,3,0.5,-8.61,2025,1,January,Q1,-0.0624
CA-2025-100795,2025-12-08,2025-12-11,Same Day,CO-64798,Customer 64798,Corporate,Los Angeles,California,90036,West,OFF-AP-10000795,Office Supplies,Appliances,Avanti Compact Refrigerator,126.8,2,0.0,35.52,2025,12,December,Q4,0.2801
CA-2025-100796,2025-12-08,2025-12-11,Second Class,HO-40263,Customer 40263,Home Office,Charlotte,North Carolina,28202,South,OFF-ST-10000796,Office Supplies,Storage,Fellowes Bankers Box,381.57,7,0.0,31.24,2025,12,December,Q4,0.0819
CA-2025-100797,2025-09-18,2025-09-21,First Class,CO-89327,Customer 89327,Corporate,Columbus,Ohio,43215,East,OFF-AR-10000797,Office Supplies,Art,Crayola Markers 8ct,77.86,1,0.3,-11.51,2025,9,September,Q3,-0.1478
CA-2025-100798,2025-10-22,2025-10-24,Standard Class,CO-51136,Customer 51136,Consumer,Los Angeles,California,90036,West,OFF-BI-10000798,Office Supplies,Binders,Wilson Jones Ring Binder,167.93,3,0.2,68.84,2025,10,October,Q4,0.4099
CA-2025-100799,2025-12-15,2025-12-16,Standard Class,CO-82689,Customer 82689,Consumer,Miami,Florida,33101,South,FUR-CH-10000799,Furniture,Chairs,Global Stack Chair,63.16,1,0.0,16.17,2025,12,December,Q4,0.256
CA-2025-100800,2025-10-17,2025-10-23,First Class,CO-62732,Customer 62732,Consumer,Philadelphia,Pennsylvania,19104,East,FUR-TA-10000800,Furniture,Tables,Balt Training Table,307.86,1,0.2,24.48,2025,10,October,Q4,0.0795
CA-2025-100801,2025-03-12,2025-03-18,First Class,CO-67106,Customer 67106,Corporate,Minneapolis,Minnesota,55401,Central,OFF-AP-10000801,Office Supplies,Appliances,Hoover WindTunnel Vacuum,209.76,3,0.2,53.23,2025,3,March,Q1,0.2538
CA-2025-100802,2025-09-05,2025-09-10,Standard Class,CO-95118,Customer 95118,Consumer,Nashville,Tennessee,37203,South,OFF-AR-10000802,Office Supplies,Art,Fiskars Scissors,113.48,1,0.0,21.16,2025,9,September,Q3,0.1865
CA-2025-100803,2025-09-19,2025-09-22,Standard Class,CO-65927,Customer 65927,Corporate,Detroit,Michigan,48201,Central,OFF-AR-10000803,Office Supplies,Art,Crayola Markers 8ct,29.19,6,0.3,-3.82,2025,9,September,Q3,-0.1309
CA-2025-100804,2025-07-14,2025-07-17,Standard Class,CO-23037,Customer 23037,Corporate,Detroit,Michigan,48201,Central,FUR-TA-10000804,Furniture,Tables,Bienna Executive Dining Table,317.65,1,0.0,135.22,2025,7,July,Q3,0.4257
CA-2025-100805,2025-11-09,2025-11-16,Second Class,HO-97350,Customer 97350,Home Office,Chicago,Illinois,60611,Central,FUR-BO-10000805,Furniture,Bookcases,Atlantic Metal 4-Shelf Bookcase,265.38,1,0.3,-50.06,2025,11,November,Q4,-0.1886
CA-2025-100806,2025-12-07,2025-12-08,First Class,CO-36626,Customer 36626,Consumer,Minneapolis,Minnesota,55401,Central,OFF-BI-10000806,Office Supplies,Binders,Wilson Jones Ring Binder,100.06,1,0.0,33.27,2025,12,December,Q4,0.3325
CA-2025-100807,2025-12-28,2025-12-30,First Class,CO-21385,Customer 21385,Consumer,Philadelphia,Pennsylvania,19104,East,OFF-ST-10000807,Office Supplies,Storage,Stur-D-Stor Shelving,290.49,3,0.0,23.16,2025,12,December,Q4,0.0797
CA-2025-100808,2025-07-06,2025-07-09,Standard Class,CO-77219,Customer 77219,Corporate,Portland,Oregon,97201,West,TEC-PH-10000808,Technology,Phones,Motorola Edge 50,721.83,3,0.0,91.07,2025,7,July,Q3,0.1262
CA-2025-100809,2025-03-18,2025-03-22,First Class,CO-93164,Customer 93164,Consumer,Seattle,Washington,98103,West,FUR-FU-10000809,Furniture,Furnishings,DAX Black Wood Picture Frame,420.34,1,0.0,157.86,2025,3,March,Q1,0.3756
CA-2025-100810,2025-12-24,2025-12-27,Standard Class,CO-21627,Customer 21627,Corporate,New York City,New York,10011,East,OFF-PA-10000810,Office Supplies,Paper,Southworth Fine Parchment Paper,222.36,3,0.0,72.31,2025,12,December,Q4,0.3252
CA-2025-100811,2025-11-20,2025-11-23,Standard Class,CO-73469,Customer 73469,Corporate,Philadelphia,Pennsylvania,19104,East,TEC-CO-10000811,Technology,Copiers,Brother Multifunction Copier,3116.32,4,0.0,600.99,2025,11,November,Q4,0.1929
CA-2025-100812,2025-03-16,2025-03-18,Standard Class,HO-47653,Customer 47653,Home Office,Nashville,Tennessee,37203,South,OFF-AP-10000812,Office Supplies,Appliances,Krups 12-Cup Coffee Maker,31.34,2,0.0,2.99,2025,3,March,Q1,0.0954
CA-2025-100813,2025-12-23,2025-12-26,Standard Class,HO-74117,Customer 74117,Home Office,Atlanta,Georgia,30303,South,FUR-TA-10000813,Furniture,Tables,Balt Training Table,841.55,5,0.0,231.34,2025,12,December,Q4,0.2749
CA-2025-100814,2025-12-11,2025-12-13,Standard Class,CO-67927,Customer 67927,Consumer,Nashville,Tennessee,37203,South,FUR-CH-10000814,Furniture,Chairs,Novimex Swivel Chair,285.33,1,0.1,19.47,2025,12,December,Q4,0.0682
CA-2025-100815,2025-08-15,2025-08-18,Standard Class,CO-37027,Customer 37027,Consumer,Portland,Oregon,97201,West,FUR-CH-10000815,Furniture,Chairs,HON 5400 Series Task Chair,393.06,1,0.2,163.08,2025,8,August,Q3,0.4149
CA-2025-100816,2025-09-25,2025-09-29,Standard Class,CO-37585,Customer 37585,Consumer,Chicago,Illinois,60611,Central,TEC-MA-10000816,Technology,Machines,3M Laminating Machine,1179.0,4,0.3,-295.4,2025,9,September,Q3,-0.2506
CA-2025-100817,2025-07-07,2025-07-10,Standard Class,CO-12625,Customer 12625,Consumer,Phoenix,Arizona,85001,West,OFF-ST-10000817,Office Supplies,Storage,Fellowes Bankers Box,31.86,1,0.1,10.36,2025,7,July,Q3,0.3252
CA-2025-100818,2025-01-02,2025-01-04,Standard Class,CO-95888,Customer 95888,Corporate,Atlanta,Georgia,30303,South,TEC-CO-10000818,Technology,Copiers,Canon ImageClass Laser Copier,331.42,2,0.2,113.7,2025,1,January,Q1,0.3431
CA-2025-100819,2025-06-01,2025-06-02,First Class,CO-29902,Customer 29902,Corporate,Phoenix,Arizona,85001,West,FUR-TA-10000819,Furniture,Tables,Bienna Executive Dining Table,851.49,3,0.0,198.88,2025,6,June,Q2,0.2336
CA-2025-100820,2025-11-04,2025-11-06,Second Class,CO-48173,Customer 48173,Consumer,Miami,Florida,33101,South,FUR-FU-10000820,Furniture,Furnishings,Luxo Task Lamp,1579.2,5,0.0,233.48,2025,11,November,Q4,0.1478
CA-2025-100821,2025-01-01,2025-01-08,Second Class,HO-81641,Customer 81641,Home Office,Phoenix,Arizona,85001,West,FUR-CH-10000821,Furniture,Chairs,Global Stack Chair,948.32,2,0.0,88.74,2025,1,January,Q1,0.0936
CA-2025-100822,2025-06-10,2025-06-13,First Class,HO-22502,Customer 22502,Home Office,Boston,Massachusetts,02108,East,TEC-MA-10000822,Technology,Machines,3M Laminating Machine,404.96,1,0.1,96.95,2025,6,June,Q2,0.2394
CA-2025-100823,2025-07-24,2025-07-29,Second Class,CO-74673,Customer 74673,Consumer,Minneapolis,Minnesota,55401,Central,OFF-LA-10000823,Office Supplies,Labels,Avery Mailing Labels,18.93,3,0.0,7.54,2025,7,July,Q3,0.3983
CA-2025-100824,2025-08-09,2025-08-13,Second Class,CO-81511,Customer 81511,Corporate,Charlotte,North Carolina,28202,South,TEC-AC-10000824,Technology,Accessories,SanDisk 128GB Flash Drive,1491.84,2,0.0,515.99,2025,8,August,Q3,0.3459
CA-2025-100825,2025-12-24,2025-12-25,Standard Class,CO-59241,Customer 59241,Corporate,New York City,New York,10011,East,FUR-CH-10000825,Furniture,Chairs,Harbour Executive Leather Armchair,792.75,5,0.0,320.43,2025,12,December,Q4,0.4042
CA-2025-100826,2025-06-16,2025-06-18,First Class,CO-81707,Customer 81707,Consumer,Nashville,Tennessee,37203,South,FUR-CH-10000826,Furniture,Chairs,Global Stack Chair,1255.09,3,0.3,-337.2,2025,6,June,Q2,-0.2687
CA-2025-100827,2025-06-11,2025-06-15,Standard Class,CO-28548,Customer 28548,Corporate,Chicago,Illinois,60611,Central,TEC-CO-10000827,Technology,Copiers,Brother Multifunction Copier,1892.64,2,0.0,344.59,2025,6,June,Q2,0.1821
CA-2025-100828,2025-11-24,2025-11-28,First Class,CO-78731,Customer 78731,Consumer,Miami,Florida,33101,South,OFF-AR-10000828,Office Supplies,Art,Crayola Markers 8ct,575.2,10,0.0,190.15,2025,11,November,Q4,0.3306
CA-2025-100829,2025-07-07,2025-07-11,Standard Class,CO-18009,Customer 18009,Consumer,Atlanta,Georgia,30303,South,FUR-BO-10000829,Furniture,Bookcases,Bush Somerset 3-Shelf Bookcase,2375.1,6,0.0,898.5,2025,7,July,Q3,0.3783
CA-2025-100830,2025-04-28,2025-05-01,Second Class,CO-62857,Customer 62857,Consumer,Chicago,Illinois,60611,Central,FUR-BO-10000830,Furniture,Bookcases,Atlantic Metal 4-Shelf Bookcase,451.86,1,0.0,41.09,2025,4,April,Q2,0.0909
CA-2025-100831,2025-07-26,2025-07-29,Second Class,CO-85452,Customer 85452,Consumer,Minneapolis,Minnesota,55401,Central,FUR-CH-10000831,Furniture,Chairs,Harbour Executive Leather Armchair,475.2,1,0.2,51.61,2025,7,July,Q3,0.1086
CA-2025-100832,2025-03-06,2025-03-09,Standard Class,CO-16840,Customer 16840,Consumer,Columbus,Ohio,43215,East,OFF-PA-10000832,Office Supplies,Paper,Hammermill Color Copy Paper,150.8,4,0.0,31.26,2025,3,March,Q1,0.2073
CA-2025-100833,2025-03-25,2025-03-28,Standard Class,CO-78417,Customer 78417,Consumer,Houston,Texas,77002,Central,TEC-AC-10000833,Technology,Accessories,Anker USB-C Hub 8-in-1,4555.81,4,0.2,1758.32,2025,3,March,Q1,0.386
CA-2025-100834,2025-08-18,2025-08-21,Second Class,CO-25760,Customer 25760,Consumer,Charlotte,North Carolina,28202,South,FUR-TA-10000834,Furniture,Tables,Bienna Executive Dining Table,947.82,2,0.0,281.3,2025,8,August,Q3,0.2968
CA-2025-100835,2025-07-07,2025-07-10,Standard Class,CO-11398,Customer 11398,Corporate,Columbus,Ohio,43215,East,OFF-AR-10000835,Office Supplies,Art,Dixon Ticonderoga Pencils,99.64,2,0.3,-7.5,2025,7,July,Q3,-0.0753
CA-2025-100836,2025-12-17,2025-12-23,Second Class,CO-46038,Customer 46038,Consumer,Nashville,Tennessee,37203,South,FUR-TA-10000836,Furniture,Tables,Bienna Executive Dining Table,2520.96,8,0.2,996.47,2025,12,December,Q4,0.3953
CA-2025-100837,2025-06-16,2025-06-23,Second Class,CO-72055,Customer 72055,Consumer,Los Angeles,California,90036,West,OFF-BI-10000837,Office Supplies,Binders,Avery Durable View Binder,42.17,3,0.3,-13.09,2025,6,June,Q2,-0.3104
CA-2025-100838,2025-09-14,2025-09-19,Standard Class,CO-18169,Customer 18169,Consumer,Houston,Texas,77002,Central,TEC-CO-10000838,Technology,Copiers,Canon ImageClass Laser Copier,3051.45,3,0.0,972.79,2025,9,September,Q3,0.3188
CA-2025-100839,2025-10-11,2025-10-16,Standard Class,HO-58005,Customer 58005,Home Office,Phoenix,Arizona,85001,West,OFF-AP-10000839,Office Supplies,Appliances,Avanti Compact Refrigerator,7.41,1,0.2,0.81,2025,10,October,Q4,0.1093
CA-2025-100840,2025-01-09,2025-01-10,Standard Class,CO-36041,Customer 36041,Consumer,Atlanta,Georgia,30303,South,OFF-ST-10000840,Office Supplies,Storage,Stur-D-Stor Shelving,68.6,2,0.0,19.02,2025,1,January,Q1,0.2773
CA-2025-100841,2025-10-23,2025-10-24,First Class,CO-21870,Customer 21870,Consumer,New York City,New York,10011,East,FUR-CH-10000841,Furniture,Chairs,Harbour Executive Leather Armchair,483.81,1,0.0,39.92,2025,10,October,Q4,0.0825
CA-2025-100842,2025-03-24,2025-03-30,Standard Class,CO-35046,Customer 35046,Corporate,Philadelphia,Pennsylvania,19104,East,FUR-TA-10000842,Furniture,Tables,Beverage Air Work Table,610.29,3,0.0,234.42,2025,3,March,Q1,0.3841
CA-2025-100843,2025-12-09,2025-12-14,Standard Class,CO-67619,Customer 67619,Consumer,Houston,Texas,77002,Central,OFF-BI-10000843,Office Supplies,Binders,GBC ComboBind Spines,129.51,3,0.0,39.17,2025,12,December,Q4,0.3024
CA-2025-100844,2025-03-27,2025-03-29,First Class,CO-30408,Customer 30408,Corporate,Columbus,Ohio,43215,East,OFF-AP-10000844,Office Supplies,Appliances,Krups 12-Cup Coffee Maker,79.44,3,0.0,30.34,2025,3,March,Q1,0.3819
CA-2025-100845,2025-07-26,2025-07-28,Standard Class,CO-38607,Customer 38607,Consumer,Charlotte,North Carolina,28202,South,FUR-CH-10000845,Furniture,Chairs,Harbour Executive Leather Armchair,622.74,2,0.0,171.57,2025,7,July,Q3,0.2755
CA-2025-100846,2025-02-22,2025-02-25,Standard Class,CO-92506,Customer 92506,Corporate,Houston,Texas,77002,Central,FUR-FU-10000846,Furniture,Furnishings,Luxo Task Lamp,1175.85,5,0.0,227.18,2025,2,February,Q1,0.1932
CA-2025-100847,2025-12-06,2025-12-09,Standard Class,CO-90820,Customer 90820,Consumer,Nashville,Tennessee,37203,South,OFF-PA-10000847,Office Supplies,Paper,Xerox 228 Premium Copy Paper,63.6,2,0.0,20.44,2025,12,December,Q4,0.3214
CA-2025-100848,2025-08-10,2025-08-11,First Class,CO-76448,Customer 76448,Consumer,Phoenix,Arizona,85001,West,OFF-LA-10000848,Office Supplies,Labels,Brother Label Tape,49.29,1,0.0,20.65,2025,8,August,Q3,0.4189
CA-2025-100849,2025-09-20,2025-09-27,First Class,CO-84447,Customer 84447,Consumer,Boston,Massachusetts,02108,East,OFF-ST-10000849,Office Supplies,Storage,Tenex File Box,123.17,4,0.2,28.76,2025,9,September,Q3,0.2335
CA-2025-100850,2025-02-06,2025-02-09,Second Class,CO-32553,Customer 32553,Consumer,Detroit,Michigan,48201,Central,FUR-BO-10000850,Furniture,Bookcases,Atlantic Metal 4-Shelf Bookcase,870.3,3,0.0,236.84,2025,2,February,Q1,0.2721
CA-2025-100851,2025-11-25,2025-11-28,Standard Class,CO-71708,Customer 71708,Consumer,Atlanta,Georgia,30303,South,TEC-MA-10000851,Technology,Machines,Dymo LabelWriter 450 Turbo,4354.84,4,0.0,441.58,2025,11,November,Q4,0.1014
CA-2025-100852,2025-04-25,2025-05-01,Standard Class,CO-47118,Customer 47118,Consumer,Nashville,Tennessee,37203,South,OFF-LA-10000852,Office Supplies,Labels,Dymo Address Labels,648.4,8,0.0,262.11,2025,4,April,Q2,0.4042
CA-2025-100853,2025-12-06,2025-12-10,Standard Class,CO-10208,Customer 10208,Consumer,Miami,Florida,33101,South,OFF-AR-10000853,Office Supplies,Art,Sharpie Highlighter Set,24.18,1,0.0,4.49,2025,12,December,Q4,0.1857
CA-2025-100854,2025-04-21,2025-04-23,Standard Class,CO-98509,Customer 98509,Consumer,Miami,Florida,33101,South,FUR-FU-10000854,Furniture,Furnishings,DAX Black Wood Picture Frame,335.88,3,0.2,79.26,2025,4,April,Q2,0.236
CA-2025-100855,2025-04-03,2025-04-06,Second Class,CO-63015,Customer 63015,Corporate,Seattle,Washington,98103,West,OFF-BI-10000855,Office Supplies,Binders,Avery Durable View Binder,94.62,2,0.0,41.06,2025,4,April,Q2,0.4339
CA-2025-100856,2025-01-13,2025-01-16,Standard Class,CO-93115,Customer 93115,Consumer,Phoenix,Arizona,85001,West,OFF-PA-10000856,Office Supplies,Paper,Southworth Fine Parchment Paper,83.08,2,0.0,30.26,2025,1,January,Q1,0.3642
CA-2025-100857,2025-08-14,2025-08-17,Standard Class,CO-29711,Customer 29711,Corporate,Portland,Oregon,97201,West,TEC-CO-10000857,Technology,Copiers,Canon ImageClass Laser Copier,1723.79,3,0.3,-378.43,2025,8,August,Q3,-0.2195
CA-2025-100858,2025-09-15,2025-09-17,Standard Class,CO-58117,Customer 58117,Consumer,Portland,Oregon,97201,West,FUR-TA-10000858,Furniture,Tables,Balt Training Table,851.52,4,0.0,103.45,2025,9,September,Q3,0.1215
CA-2025-100859,2025-02-12,2025-02-15,Standard Class,CO-14668,Customer 14668,Consumer,Portland,Oregon,97201,West,OFF-BI-10000859,Office Supplies,Binders,Avery Durable View Binder,48.75,1,0.0,4.9,2025,2,February,Q1,0.1005
CA-2025-100860,2025-11-05,2025-11-09,Standard Class,CO-70035,Customer 70035,Consumer,Columbus,Ohio,43215,East,FUR-TA-10000860,Furniture,Tables,Bienna Executive Dining Table,170.54,3,0.2,63.95,2025,11,November,Q4,0.375
CA-2025-100861,2025-07-04,2025-07-07,Same Day,CO-93458,Customer 93458,Consumer,Minneapolis,Minnesota,55401,Central,OFF-AR-10000861,Office Supplies,Art,Fiskars Scissors,261.45,3,0.0,108.49,2025,7,July,Q3,0.415
CA-2025-100862,2025-08-04,2025-08-08,Standard Class,HO-90685,Customer 90685,Home Office,New York City,New York,10011,East,OFF-PA-10000862,Office Supplies,Paper,Xerox 228 Premium Copy Paper,146.82,2,0.2,53.05,2025,8,August,Q3,0.3613
CA-2025-100863,2025-07-09,2025-07-12,Standard Class,CO-33758,Customer 33758,Consumer,Detroit,Michigan,48201,Central,FUR-BO-10000863,Furniture,Bookcases,Atlantic Metal 4-Shelf Bookcase,1440.39,3,0.0,338.46,2025,7,July,Q3,0.235
CA-2025-100864,2025-07-26,2025-08-02,Standard Class,CO-12368,Customer 12368,Consumer,Chicago,Illinois,60611,Central,FUR-TA-10000864,Furniture,Tables,Balt Training Table,1766.48,4,0.0,536.85,2025,7,July,Q3,0.3039
CA-2025-100865,2025-09-11,2025-09-14,Standard Class,CO-54951,Customer 54951,Corporate,Detroit,Michigan,48201,Central,OFF-PA-10000865,Office Supplies,Paper,Xerox 228 Premium Copy Paper,169.53,3,0.0,55.79,2025,9,September,Q3,0.3291
CA-2025-100866,2025-03-22,2025-03-25,Standard Class,CO-84883,Customer 84883,Corporate,Phoenix,Arizona,85001,West,OFF-LA-10000866,Office Supplies,Labels,Avery Mailing Labels,238.41,9,0.0,39.75,2025,3,March,Q1,0.1667
CA-2025-100867,2025-04-11,2025-04-14,Standard Class,CO-86668,Customer 86668,Consumer,Philadelphia,Pennsylvania,19104,East,OFF-PA-10000867,Office Supplies,Paper,Xerox 228 Premium Copy Paper,72.53,1,0.2,32.34,2025,4,April,Q2,0.4459
CA-2025-100868,2025-12-13,2025-12-19,Standard Class,CO-26186,Customer 26186,Corporate,Phoenix,Arizona,85001,West,FUR-CH-10000868,Furniture,Chairs,Novimex Swivel Chair,118.59,1,0.2,40.77,2025,12,December,Q4,0.3438
CA-2025-100869,2025-12-13,2025-12-16,Standard Class,CO-88544,Customer 88544,Consumer,Detroit,Michigan,48201,Central,OFF-AP-10000869,Office Supplies,Appliances,Hoover WindTunnel Vacuum,217.03,3,0.1,66.08,2025,12,December,Q4,0.3045
CA-2025-100870,2025-06-17,2025-06-20,Standard Class,HO-74858,Customer 74858,Home Office,Charlotte,North Carolina,28202,South,TEC-MA-10000870,Technology,Machines,Star Micronics Receipt Printer,1393.47,1,0.0,366.57,2025,6,June,Q2,0.2631
CA-2025-100871,2025-05-11,2025-05-15,Second Class,CO-22887,Customer 22887,Corporate,Nashville,Tennessee,37203,South,TEC-MA-10000871,Technology,Machines,Star Micronics Receipt Printer,2972.94,3,0.0,885.84,2025,5,May,Q2,0.298
CA-2025-100872,2025-10-03,2025-10-06,Second Class,HO-52601,Customer 52601,Home Office,Boston,Massachusetts,02108,East,OFF-PA-10000872,Office Supplies,Paper,Southworth Fine Parchment Paper,20.37,2,0.2,8.22,2025,10,October,Q4,0.4035
CA-2025-100873,2025-07-21,2025-07-24,Standard Class,CO-31152,Customer 31152,Consumer,Charlotte,North Carolina,28202,South,OFF-AR-10000873,Office Supplies,Art,Crayola Markers 8ct,173.16,3,0.0,17.85,2025,7,July,Q3,0.1031
CA-2025-100874,2025-01-03,2025-01-08,Standard Class,CO-42118,Customer 42118,Consumer,Atlanta,Georgia,30303,South,OFF-PA-10000874,Office Supplies,Paper,Southworth Fine Parchment Paper,248.58,4,0.2,99.14,2025,1,January,Q1,0.3988
CA-2025-100875,2025-03-06,2025-03-08,Second Class,CO-14236,Customer 14236,Consumer,Nashville,Tennessee,37203,South,TEC-PH-10000875,Technology,Phones,Motorola Edge 50,7203.0,5,0.0,2422.5,2025,3,March,Q1,0.3363
CA-2025-100876,2025-10-20,2025-10-24,Standard Class,CO-73020,Customer 73020,Consumer,Portland,Oregon,97201,West,TEC-PH-10000876,Technology,Phones,Google Pixel 8 Pro,3559.68,6,0.1,804.55,2025,10,October,Q4,0.226
CA-2025-100877,2025-10-26,2025-10-28,Standard Class,CO-85997,Customer 85997,Consumer,Seattle,Washington,98103,West,OFF-AP-10000877,Office Supplies,Appliances,Krups 12-Cup Coffee Maker,18.75,1,0.0,2.92,2025,10,October,Q4,0.1557
CA-2025-100878,2025-01-11,2025-01-15,Standard Class,HO-74431,Customer 74431,Home Office,Philadelphia,Pennsylvania,19104,East,OFF-AP-10000878,Office Supplies,Appliances,Krups 12-Cup Coffee Maker,82.04,2,0.0,13.14,2025,1,January,Q1,0.1602
CA-2025-100879,2025-04-02,2025-04-06,Standard Class,CO-38969,Customer 38969,Consumer,Detroit,Michigan,48201,Central,OFF-LA-10000879,Office Supplies,Labels,Brother Label Tape,62.04,3,0.0,14.02,2025,4,April,Q2,0.226
CA-2025-100880,2025-04-10,2025-04-12,First Class,CO-89619,Customer 89619,Consumer,Minneapolis,Minnesota,55401,Central,FUR-BO-10000880,Furniture,Bookcases,Atlantic Metal 4-Shelf Bookcase,1554.03,3,0.0,85.2,2025,4,April,Q2,0.0548
CA-2025-100881,2025-10-12,2025-10-16,Second Class,HO-63194,Customer 63194,Home Office,Atlanta,Georgia,30303,South,TEC-AC-10000881,Technology,Accessories,SanDisk 128GB Flash Drive,1165.74,2,0.3,-181.26,2025,10,October,Q4,-0.1555
CA-2025-100882,2025-01-28,2025-01-31,Standard Class,HO-11865,Customer 11865,Home Office,Portland,Oregon,97201,West,FUR-BO-10000882,Furniture,Bookcases,Atlantic Metal 4-Shelf Bookcase,318.12,3,0.2,31.12,2025,1,January,Q1,0.0978
CA-2025-100883,2025-02-07,2025-02-10,Standard Class,HO-11599,Customer 11599,Home Office,Boston,Massachusetts,02108,East,OFF-ST-10000883,Office Supplies,Storage,Sterilite Plastic Tubs,531.44,7,0.0,84.28,2025,2,February,Q1,0.1586
CA-2025-100884,2025-11-18,2025-11-23,Standard Class,CO-17336,Customer 17336,Consumer,Atlanta,Georgia,30303,South,FUR-BO-10000884,Furniture,Bookcases,O'Sullivan 2-Door Bookcase,2824.9,5,0.0,951.86,2025,11,November,Q4,0.337
CA-2025-100885,2025-03-06,2025-03-07,Second Class,CO-21974,Customer 21974,Corporate,New York City,New York,10011,East,TEC-AC-10000885,Technology,Accessories,SanDisk 128GB Flash Drive,185.21,1,0.0,52.32,2025,3,March,Q1,0.2825
CA-2025-100886,2025-10-15,2025-10-16,First Class,CO-93087,Customer 93087,Consumer,Seattle,Washington,98103,West,OFF-PA-10000886,Office Supplies,Paper,Xerox 228 Premium Copy Paper,58.17,1,0.0,16.83,2025,10,October,Q4,0.2893
CA-2025-100887,2025-04-10,2025-04-13,Standard Class,HO-24617,Customer 24617,Home Office,Atlanta,Georgia,30303,South,OFF-AP-10000887,Office Supplies,Appliances,Avanti Compact Refrigerator,911.5,10,0.0,194.03,2025,4,April,Q2,0.2129
CA-2025-100888,2025-02-09,2025-02-12,Standard Class,CO-77397,Customer 77397,Corporate,Detroit,Michigan,48201,Central,FUR-BO-10000888,Furniture,Bookcases,Bush Somerset 3-Shelf Bookcase,604.23,3,0.0,136.57,2025,2,February,Q1,0.226
CA-2025-100889,2025-05-25,2025-05-31,Standard Class,CO-76787,Customer 76787,Consumer,Nashville,Tennessee,37203,South,FUR-CH-10000889,Furniture,Chairs,Global Stack Chair,294.1,1,0.3,-72.72,2025,5,May,Q2,-0.2473
CA-2025-100890,2025-10-22,2025-10-25,Standard Class,CO-40382,Customer 40382,Corporate,Philadelphia,Pennsylvania,19104,East,OFF-LA-10000890,Office Supplies,Labels,Brother Label Tape,121.13,3,0.3,-34.75,2025,10,October,Q4,-0.2869
CA-2025-100891,2025-11-22,2025-11-24,Standard Class,CO-32515,Customer 32515,Corporate,Boston,Massachusetts,02108,East,OFF-BI-10000891,Office Supplies,Binders,GBC ComboBind Spines,253.15,4,0.2,39.94,2025,11,November,Q4,0.1578
CA-2025-100892,2025-11-09,2025-11-12,First Class,CO-29003,Customer 29003,Consumer,Detroit,Michigan,48201,Central,OFF-AP-10000892,Office Supplies,Appliances,Krups 12-Cup Coffee Maker,110.14,2,0.0,23.88,2025,11,November,Q4,0.2168
CA-2025-100893,2025-07-25,2025-07-31,Standard Class,CO-94645,Customer 94645,Consumer,Columbus,Ohio,43215,East,OFF-ST-10000893,Office Supplies,Storage,Fellowes Bankers Box,79.86,3,0.0,15.92,2025,7,July,Q3,0.1993
CA-2025-100894,2025-10-11,2025-10-14,Standard Class,CO-36142,Customer 36142,Corporate,Columbus,Ohio,43215,East,TEC-PH-10000894,Technology,Phones,iPhone 15 Pro Max,880.78,2,0.0,298.15,2025,10,October,Q4,0.3385
CA-2025-100895,2025-04-16,2025-04-23,First Class,CO-61126,Customer 61126,Corporate,Atlanta,Georgia,30303,South,FUR-FU-10000895,Furniture,Furnishings,Eldon Desktop Organizer,317.37,3,0.0,62.77,2025,4,April,Q2,0.1978
CA-2025-100896,2025-05-10,2025-05-12,Standard Class,CO-52538,Customer 52538,Corporate,Atlanta,Georgia,30303,South,TEC-CO-10000896,Technology,Copiers,Brother Multifunction Copier,379.99,1,0.0,106.05,2025,5,May,Q2,0.2791
CA-2025-100897,2025-12-25,2025-12-29,Standard Class,HO-12864,Customer 12864,Home Office,New York City,New York,10011,East,TEC-CO-10000897,Technology,Copiers,Hewlett Packard LaserJet Copier,1914.0,2,0.3,-564.17,2025,12,December,Q4,-0.2948
CA-2025-100898,2025-01-15,2025-01-17,Standard Class,CO-43951,Customer 43951,Consumer,Houston,Texas,77002,Central,FUR-FU-10000898,Furniture,Furnishings,Floor Mat,535.94,2,0.0,140.07,2025,1,January,Q1,0.2614
CA-2025-100899,2025-02-17,2025-02-20,Standard Class,HO-76088,Customer 76088,Home Office,Minneapolis,Minnesota,55401,Central,FUR-TA-10000899,Furniture,Tables,Balt Training Table,86.91,1,0.0,23.75,2025,2,February,Q1,0.2733
CA-2025-100900,2025-04-04,2025-04-07,Second Class,HO-21498,Customer 21498,Home Office,Atlanta,Georgia,30303,South,OFF-AP-10000900,Office Supplies,Appliances,Krups 12-Cup Coffee Maker,137.9,2,0.3,-7.13,2025,4,April,Q2,-0.0517
CA-2025-100901,2025-01-05,2025-01-09,Standard Class,CO-54539,Customer 54539,Corporate,Nashville,Tennessee,37203,South,TEC-MA-10000901,Technology,Machines,3M Laminating Machine,1534.02,3,0.0,81.94,2025,1,January,Q1,0.0534
CA-2025-100902,2025-04-11,2025-04-14,Standard Class,CO-98413,Customer 98413,Consumer,Minneapolis,Minnesota,55401,Central,OFF-AR-10000902,Office Supplies,Art,Fiskars Scissors,322.2,3,0.0,40.45,2025,4,April,Q2,0.1255
CA-2025-100903,2025-09-05,2025-09-07,Standard Class,CO-88895,Customer 88895,Consumer,Seattle,Washington,98103,West,OFF-ST-10000903,Office Supplies,Storage,Stur-D-Stor Shelving,565.54,6,0.1,73.91,2025,9,September,Q3,0.1307
CA-2025-100904,2025-07-06,2025-07-09,Standard Class,HO-38473,Customer 38473,Home Office,Houston,Texas,77002,Central,FUR-FU-10000904,Furniture,Furnishings,Eldon Desktop Organizer,1017.58,2,0.0,353.69,2025,7,July,Q3,0.3476
CA-2025-100905,2025-12-24,2025-12-26,Standard Class,CO-36035,Customer 36035,Consumer,Columbus,Ohio,43215,East,OFF-ST-10000905,Office Supplies,Storage,Tenex File Box,232.74,2,0.0,59.72,2025,12,December,Q4,0.2566
CA-2025-100906,2025-11-06,2025-11-10,Standard Class,CO-89278,Customer 89278,Consumer,Detroit,Michigan,48201,Central,OFF-AR-10000906,Office Supplies,Art,Dixon Ticonderoga Pencils,192.76,2,0.0,18.27,2025,11,November,Q4,0.0948
CA-2025-100907,2025-06-15,2025-06-16,Standard Class,CO-23115,Customer 23115,Consumer,Detroit,Michigan,48201,Central,TEC-PH-10000907,Technology,Phones,Motorola Edge 50,4272.96,3,0.0,1412.15,2025,6,June,Q2,0.3305
CA-2025-100908,2025-05-21,2025-05-25,Standard Class,CO-46007,Customer 46007,Consumer,Houston,Texas,77002,Central,FUR-BO-10000908,Furniture,Bookcases,Atlantic Metal 4-Shelf Bookcase,360.52,1,0.0,118.26,2025,5,May,Q2,0.328
CA-2025-100909,2025-06-25,2025-06-26,Standard Class,CO-96632,Customer 96632,Consumer,Detroit,Michigan,48201,Central,OFF-AR-10000909,Office Supplies,Art,Sharpie Highlighter Set,67.05,6,0.5,-8.54,2025,6,June,Q2,-0.1274
CA-2025-100910,2025-09-26,2025-09-30,Standard Class,HO-31282,Customer 31282,Home Office,Phoenix,Arizona,85001,West,FUR-FU-10000910,Furniture,Furnishings,Luxo Task Lamp,549.94,1,0.0,199.8,2025,9,September,Q3,0.3633
CA-2025-100911,2025-05-11,2025-05-12,Standard Class,CO-28919,Customer 28919,Corporate,Miami,Florida,33101,South,OFF-BI-10000911,Office Supplies,Binders,Avery Durable View Binder,63.97,1,0.0,26.16,2025,5,May,Q2,0.4089
CA-2025-100912,2025-09-03,2025-09-06,Standard Class,HO-70874,Customer 70874,Home Office,Nashville,Tennessee,37203,South,FUR-CH-10000912,Furniture,Chairs,Novimex Swivel Chair,1559.65,5,0.0,279.41,2025,9,September,Q3,0.1791
CA-2025-100913,2025-07-18,2025-07-21,Second Class,CO-72624,Customer 72624,Corporate,Atlanta,Georgia,30303,South,FUR-BO-10000913,Furniture,Bookcases,Atlantic Metal 4-Shelf Bookcase,174.05,1,0.0,36.82,2025,7,July,Q3,0.2115
CA-2025-100914,2025-09-20,2025-09-22,Standard Class,CO-96424,Customer 96424,Consumer,Detroit,Michigan,48201,Central,OFF-PA-10000914,Office Supplies,Paper,Southworth Fine Parchment Paper,71.71,2,0.5,-19.36,2025,9,September,Q3,-0.27
CA-2025-100915,2025-07-05,2025-07-08,Standard Class,CO-14485,Customer 14485,Consumer,Miami,Florida,33101,South,OFF-AR-10000915,Office Supplies,Art,Dixon Ticonderoga Pencils,15.1,1,0.2,1.73,2025,7,July,Q3,0.1146
CA-2025-100916,2025-05-11,2025-05-12,Standard Class,HO-34608,Customer 34608,Home Office,Nashville,Tennessee,37203,South,TEC-MA-10000916,Technology,Machines,3M Laminating Machine,748.69,2,0.2,233.73,2025,5,May,Q2,0.3122
CA-2025-100917,2025-12-17,2025-12-23,Standard Class,HO-43460,Customer 43460,Home Office,Minneapolis,Minnesota,55401,Central,OFF-PA-10000917,Office Supplies,Paper,Southworth Fine Parchment Paper,53.56,5,0.2,8.31,2025,12,December,Q4,0.1552
CA-2025-100918,2025-11-26,2025-11-29,Second Class,HO-26544,Customer 26544,Home Office,Seattle,Washington,98103,West,TEC-PH-10000918,Technology,Phones,iPhone 15 Pro Max,609.45,1,0.3,-157.17,2025,11,November,Q4,-0.2579
CA-2025-100919,2025-03-14,2025-03-17,First Class,HO-76155,Customer 76155,Home Office,Columbus,Ohio,43215,East,TEC-AC-10000919,Technology,Accessories,Anker USB-C Hub 8-in-1,1276.02,1,0.0,438.14,2025,3,March,Q1,0.3434
CA-2025-100920,2025-12-12,2025-12-15,Second Class,CO-79541,Customer 79541,Corporate,Portland,Oregon,97201,West,OFF-AP-10000920,Office Supplies,Appliances,Avanti Compact Refrigerator,19.51,1,0.1,5.93,2025,12,December,Q4,0.3039
CA-2025-100921,2025-08-28,2025-09-01,First Class,CO-29929,Customer 29929,Corporate,Atlanta,Georgia,30303,South,FUR-FU-10000921,Furniture,Furnishings,Luxo Task Lamp,528.74,2,0.0,127.22,2025,8,August,Q3,0.2406
CA-2025-100922,2025-12-11,2025-12-13,First Class,CO-42942,Customer 42942,Consumer,Chicago,Illinois,60611,Central,TEC-PH-10000922,Technology,Phones,iPhone 15 Pro Max,1157.24,1,0.0,132.04,2025,12,December,Q4,0.1141
CA-2025-100923,2025-11-26,2025-12-03,Same Day,CO-30898,Customer 30898,Consumer,Nashville,Tennessee,37203,South,OFF-AR-10000923,Office Supplies,Art,Fiskars Scissors,72.24,7,0.0,29.41,2025,11,November,Q4,0.4071
CA-2025-100924,2025-07-04,2025-07-08,Standard Class,CO-36978,Customer 36978,Corporate,Atlanta,Georgia,30303,South,OFF-LA-10000924,Office Supplies,Labels,Avery Mailing Labels,154.28,2,0.0,55.33,2025,7,July,Q3,0.3586
CA-2025-100925,2025-01-20,2025-01-23,Second Class,CO-26366,Customer 26366,Consumer,Atlanta,Georgia,30303,South,FUR-TA-10000925,Furniture,Tables,Bienna Executive Dining Table,457.78,1,0.2,69.67,2025,1,January,Q1,0.1522
CA-2025-100926,2025-05-21,2025-05-24,Standard Class,HO-73871,Customer 73871,Home Office,Chicago,Illinois,60611,Central,OFF-ST-10000926,Office Supplies,Storage,Stur-D-Stor Shelving,121.88,4,0.0,40.3,2025,5,May,Q2,0.3307
CA-2025-100927,2025-09-14,2025-09-17,Second Class,HO-46726,Customer 46726,Home Office,Detroit,Michigan,48201,Central,OFF-LA-10000927,Office Supplies,Labels,Dymo Address Labels,80.7,1,0.0,4.45,2025,9,September,Q3,0.0551
CA-2025-100928,2025-10-23,2025-10-28,Standard Class,CO-87474,Customer 87474,Consumer,Charlotte,North Carolina,28202,South,FUR-FU-10000928,Furniture,Furnishings,Floor Mat,1726.42,5,0.1,115.39,2025,10,October,Q4,0.0668
CA-2025-100929,2025-05-04,2025-05-07,Second Class,HO-85448,Customer 85448,Home Office,Los Angeles,California,90036,West,TEC-AC-10000929,Technology,Accessories,SanDisk 128GB Flash Drive,2462.86,3,0.1,926.31,2025,5,May,Q2,0.3761
CA-2025-100930,2025-03-23,2025-03-27,Standard Class,CO-70390,Customer 70390,Corporate,Phoenix,Arizona,85001,West,TEC-MA-10000930,Technology,Machines,3M Laminating Machine,1371.31,1,0.0,414.42,2025,3,March,Q1,0.3022
CA-2025-100931,2025-11-11,2025-11-12,First Class,HO-69850,Customer 69850,Home Office,Detroit,Michigan,48201,Central,TEC-CO-10000931,Technology,Copiers,Hewlett Packard LaserJet Copier,1463.01,1,0.0,101.12,2025,11,November,Q4,0.0691
CA-2025-100932,2025-12-15,2025-12-19,Second Class,CO-31049,Customer 31049,Corporate,Philadelphia,Pennsylvania,19104,East,OFF-LA-10000932,Office Supplies,Labels,Avery Mailing Labels,508.4,5,0.0,150.77,2025,12,December,Q4,0.2966
CA-2025-100933,2025-08-24,2025-08-29,Same Day,CO-50086,Customer 50086,Consumer,Los Angeles,California,90036,West,OFF-LA-10000933,Office Supplies,Labels,Brother Label Tape,60.67,1,0.0,9.46,2025,8,August,Q3,0.1559
CA-2025-100934,2025-03-23,2025-03-26,Standard Class,CO-57377,Customer 57377,Consumer,Boston,Massachusetts,02108,East,OFF-ST-10000934,Office Supplies,Storage,Fellowes Bankers Box,282.64,5,0.2,77.5,2025,3,March,Q1,0.2742
CA-2025-100935,2025-05-25,2025-05-28,Standard Class,CO-19952,Customer 19952,Corporate,New York City,New York,10011,East,FUR-FU-10000935,Furniture,Furnishings,Luxo Task Lamp,260.34,2,0.0,26.87,2025,5,May,Q2,0.1032
CA-2025-100936,2025-01-13,2025-01-15,Same Day,HO-48523,Customer 48523,Home Office,Portland,Oregon,97201,West,TEC-MA-10000936,Technology,Machines,Star Micronics Receipt Printer,222.13,1,0.5,-75.99,2025,1,January,Q1,-0.3421
CA-2025-100937,2025-12-08,2025-12-13,Same Day,CO-39600,Customer 39600,Consumer,Atlanta,Georgia,30303,South,FUR-TA-10000937,Furniture,Tables,Beverage Air Work Table,2902.6,5,0.0,654.77,2025,12,December,Q4,0.2256
CA-2025-100938,2025-03-18,2025-03-21,Standard Class,CO-77970,Customer 77970,Consumer,Nashville,Tennessee,37203,South,OFF-AP-10000938,Office Supplies,Appliances,Krups 12-Cup Coffee Maker,96.8,1,0.0,39.69,2025,3,March,Q1,0.41
CA-2025-100939,2025-09-08,2025-09-11,Standard Class,HO-27628,Customer 27628,Home Office,Chicago,Illinois,60611,Central,OFF-BI-10000939,Office Supplies,Binders,Wilson Jones Ring Binder,33.5,5,0.5,-4.61,2025,9,September,Q3,-0.1376
CA-2025-100940,2025-05-18,2025-05-21,First Class,CO-55657,Customer 55657,Corporate,Columbus,Ohio,43215,East,FUR-CH-10000940,Furniture,Chairs,Global Stack Chair,780.68,2,0.0,336.68,2025,5,May,Q2,0.4313
CA-2025-100941,2025-09-06,2025-09-07,Standard Class,CO-55561,Customer 55561,Corporate,Atlanta,Georgia,30303,South,FUR-TA-10000941,Furniture,Tables,Beverage Air Work Table,575.1,1,0.0,234.99,2025,9,September,Q3,0.4086
CA-2025-100942,2025-10-01,2025-10-05,Standard Class,CO-27479,Customer 27479,Corporate,Atlanta,Georgia,30303,South,OFF-LA-10000942,Office Supplies,Labels,Brother Label Tape,168.54,2,0.0,62.25,2025,10,October,Q4,0.3693
CA-2025-100943,2025-11-17,2025-11-23,Standard Class,CO-99302,Customer 99302,Corporate,Houston,Texas,77002,Central,TEC-PH-10000943,Technology,Phones,Google Pixel 8 Pro,3689.72,4,0.0,278.39,2025,11,November,Q4,0.0755
CA-2025-100944,2025-04-14,2025-04-18,Second Class,CO-88843,Customer 88843,Consumer,Boston,Massachusetts,02108,East,FUR-FU-10000944,Furniture,Furnishings,Eldon Desktop Organizer,232.48,1,0.0,76.8,2025,4,April,Q2,0.3304
CA-2025-100945,2025-01-22,2025-01-25,Standard Class,CO-28154,Customer 28154,Corporate,Chicago,Illinois,60611,Central,FUR-TA-10000945,Furniture,Tables,Beverage Air Work Table,2194.95,5,0.0,271.79,2025,1,January,Q1,0.1238
CA-2025-100946,2025-03-13,2025-03-15,Standard Class,CO-20691,Customer 20691,Corporate,Minneapolis,Minnesota,55401,Central,OFF-BI-10000946,Office Supplies,Binders,GBC ComboBind Spines,6.62,3,0.5,-2.2,2025,3,March,Q1,-0.3323
CA-2025-100947,2025-12-12,2025-12-13,Standard Class,HO-11648,Customer 11648,Home Office,Portland,Oregon,97201,West,OFF-ST-10000947,Office Supplies,Storage,Stur-D-Stor Shelving,723.8,7,0.0,215.94,2025,12,December,Q4,0.2983
CA-2025-100948,2025-12-06,2025-12-09,Same Day,CO-99545,Customer 99545,Consumer,Philadelphia,Pennsylvania,19104,East,OFF-PA-10000948,Office Supplies,Paper,Southworth Fine Parchment Paper,407.28,4,0.0,153.03,2025,12,December,Q4,0.3757
CA-2025-100949,2025-09-15,2025-09-16,Standard Class,CO-25765,Customer 25765,Corporate,Detroit,Michigan,48201,Central,FUR-BO-10000949,Furniture,Bookcases,O'Sullivan 2-Door Bookcase,1675.85,5,0.0,488.34,2025,9,September,Q3,0.2914
CA-2025-100950,2025-09-20,2025-09-26,First Class,HO-81824,Customer 81824,Home Office,Nashville,Tennessee,37203,South,TEC-PH-10000950,Technology,Phones,Google Pixel 8 Pro,222.35,1,0.5,-45.09,2025,9,September,Q3,-0.2028
CA-2025-100951,2025-10-26,2025-10-29,Standard Class,HO-72970,Customer 72970,Home Office,Los Angeles,California,90036,West,OFF-LA-10000951,Office Supplies,Labels,Brother Label Tape,205.29,3,0.0,72.42,2025,10,October,Q4,0.3528
CA-2025-100952,2025-03-21,2025-03-23,Standard Class,CO-35957,Customer 35957,Consumer,Minneapolis,Minnesota,55401,Central,OFF-PA-10000952,Office Supplies,Paper,Xerox 228 Premium Copy Paper,119.74,2,0.0,29.17,2025,3,March,Q1,0.2436
CA-2025-100953,2025-12-13,2025-12-16,Same Day,CO-99660,Customer 99660,Corporate,Los Angeles,California,90036,West,FUR-CH-10000953,Furniture,Chairs,Novimex Swivel Chair,1621.95,3,0.0,193.57,2025,12,December,Q4,0.1193
CA-2025-100954,2025-07-11,2025-07-15,Standard Class,CO-49707,Customer 49707,Consumer,Atlanta,Georgia,30303,South,OFF-BI-10000954,Office Supplies,Binders,Wilson Jones Ring Binder,297.6,3,0.0,75.4,2025,7,July,Q3,0.2534
CA-2025-100955,2025-07-28,2025-07-30,Standard Class,CO-38114,Customer 38114,Corporate,Phoenix,Arizona,85001,West,TEC-AC-10000955,Technology,Accessories,SanDisk 128GB Flash Drive,202.15,1,0.0,61.89,2025,7,July,Q3,0.3062
CA-2025-100956,2025-08-01,2025-08-02,Standard Class,HO-25247,Customer 25247,Home Office,Houston,Texas,77002,Central,TEC-CO-10000956,Technology,Copiers,Canon ImageClass Laser Copier,5927.68,4,0.0,2282.84,2025,8,August,Q3,0.3851
CA-2025-100957,2025-01-02,2025-01-04,Standard Class,CO-43840,Customer 43840,Corporate,Charlotte,North Carolina,28202,South,FUR-TA-10000957,Furniture,Tables,Bienna Executive Dining Table,859.3,2,0.0,138.55,2025,1,January,Q1,0.1612
CA-2025-100958,2025-03-07,2025-03-12,Standard Class,CO-92121,Customer 92121,Corporate,Miami,Florida,33101,South,OFF-PA-10000958,Office Supplies,Paper,Xerox 228 Premium Copy Paper,72.21,1,0.1,6.94,2025,3,March,Q1,0.0961
CA-2025-100959,2025-11-26,2025-11-29,Standard Class,CO-43619,Customer 43619,Consumer,Charlotte,North Carolina,28202,South,OFF-LA-10000959,Office Supplies,Labels,Unknown Product,131.44,4,0.0,53.13,2025,11,November,Q4,0.4042
CA-2025-100960,2025-02-07,2025-02-14,Standard Class,CO-26661,Customer 26661,Consumer,Phoenix,Arizona,85001,West,OFF-ST-10000960,Office Supplies,Storage,Fellowes Bankers Box,12.98,2,0.0,4.25,2025,2,February,Q1,0.3274
CA-2025-100961,2025-09-03,2025-09-05,Second Class,CO-28711,Customer 28711,Consumer,Miami,Florida,33101,South,OFF-BI-10000961,Office Supplies,Binders,Wilson Jones Ring Binder,278.07,3,0.0,15.48,2025,9,September,Q3,0.0557
CA-2025-100962,2025-05-05,2025-05-08,Same Day,HO-55890,Customer 55890,Home Office,Atlanta,Georgia,30303,South,TEC-PH-10000962,Technology,Phones,Motorola Edge 50,3792.3,6,0.0,531.28,2025,5,May,Q2,0.1401
CA-2025-100963,2025-07-21,2025-07-23,Second Class,CO-67741,Customer 67741,Consumer,Seattle,Washington,98103,West,OFF-LA-10000963,Office Supplies,Labels,Brother Label Tape,42.02,2,0.0,3.97,2025,7,July,Q3,0.0945
CA-2025-100964,2025-05-03,2025-05-06,Standard Class,CO-32271,Customer 32271,Corporate,Detroit,Michigan,48201,Central,FUR-CH-10000964,Furniture,Chairs,Harbour Executive Leather Armchair,53.25,1,0.0,10.92,2025,5,May,Q2,0.2051
CA-2025-100965,2025-06-19,2025-06-21,Standard Class,CO-83877,Customer 83877,Corporate,Los Angeles,California,90036,West,OFF-PA-10000965,Office Supplies,Paper,Southworth Fine Parchment Paper,70.28,1,0.1,16.16,2025,6,June,Q2,0.2299
CA-2025-100966,2025-10-24,2025-10-26,Standard Class,CO-93453,Customer 93453,Consumer,Nashville,Tennessee,37203,South,TEC-AC-10000966,Technology,Accessories,Keychron K2 Mechanical Keyboard,1702.08,2,0.0,518.86,2025,10,October,Q4,0.3048
CA-2025-100967,2025-05-06,2025-05-13,Standard Class,CO-31013,Customer 31013,Consumer,Houston,Texas,77002,Central,OFF-LA-10000967,Office Supplies,Labels,Avery Mailing Labels,9.83,2,0.3,-0.93,2025,5,May,Q2,-0.0946
CA-2025-100968,2025-09-13,2025-09-15,Second Class,CO-63188,Customer 63188,Consumer,Nashville,Tennessee,37203,South,OFF-PA-10000968,Office Supplies,Paper,Hammermill Color Copy Paper,228.76,2,0.0,72.32,2025,9,September,Q3,0.3161
CA-2025-100969,2025-08-05,2025-08-09,Standard Class,CO-35030,Customer 35030,Consumer,Philadelphia,Pennsylvania,19104,East,TEC-MA-10000969,Technology,Machines,Dymo LabelWriter 450 Turbo,1001.6,1,0.0,93.61,2025,8,August,Q3,0.0935
CA-2025-100970,2025-10-21,2025-10-24,First Class,HO-91735,Customer 91735,Home Office,Miami,Florida,33101,South,FUR-TA-10000970,Furniture,Tables,Balt Training Table,1132.87,3,0.3,-249.76,2025,10,October,Q4,-0.2205
CA-2025-100971,2025-12-15,2025-12-16,Standard Class,CO-32589,Customer 32589,Corporate,Chicago,Illinois,60611,Central,OFF-BI-10000971,Office Supplies,Binders,Wilson Jones Ring Binder,39.56,2,0.0,13.66,2025,12,December,Q4,0.3453
CA-2025-100972,2025-11-25,2025-12-01,Standard Class,HO-90258,Customer 90258,Home Office,Los Angeles,California,90036,West,OFF-ST-10000972,Office Supplies,Storage,Tenex File Box,15.1,5,0.0,5.9,2025,11,November,Q4,0.3907
CA-2025-100973,2025-04-11,2025-04-17,Standard Class,CO-37919,Customer 37919,Corporate,Houston,Texas,77002,Central,OFF-LA-10000973,Office Supplies,Labels,Brother Label Tape,217.46,2,0.0,26.11,2025,4,April,Q2,0.1201
CA-2025-100974,2025-01-10,2025-01-12,Standard Class,HO-29925,Customer 29925,Home Office,Columbus,Ohio,43215,East,FUR-FU-10000974,Furniture,Furnishings,DAX Black Wood Picture Frame,969.08,3,0.1,157.47,2025,1,January,Q1,0.1625
CA-2025-100975,2025-05-28,2025-06-03,Same Day,CO-29221,Customer 29221,Corporate,Miami,Florida,33101,South,OFF-AR-10000975,Office Supplies,Art,Sharpie Highlighter Set,92.46,2,0.2,26.3,2025,5,May,Q2,0.2844
CA-2025-100976,2025-09-27,2025-09-30,Standard Class,CO-68632,Customer 68632,Corporate,Phoenix,Arizona,85001,West,TEC-CO-10000976,Technology,Copiers,Hewlett Packard LaserJet Copier,7414.7,5,0.0,770.96,2025,9,September,Q3,0.104
CA-2025-100977,2025-01-10,2025-01-14,First Class,CO-97674,Customer 97674,Consumer,Philadelphia,Pennsylvania,19104,East,FUR-CH-10000977,Furniture,Chairs,Novimex Swivel Chair,1526.2,4,0.0,620.28,2025,1,January,Q1,0.4064
CA-2025-100978,2025-08-14,2025-08-21,Standard Class,CO-77295,Customer 77295,Consumer,Houston,Texas,77002,Central,OFF-AR-10000978,Office Supplies,Art,Dixon Ticonderoga Pencils,235.89,3,0.0,105.79,2025,8,August,Q3,0.4485
CA-2025-100979,2025-09-11,2025-09-12,Second Class,CO-70042,Customer 70042,Corporate,Portland,Oregon,97201,West,OFF-AR-10000979,Office Supplies,Art,Dixon Ticonderoga Pencils,88.69,1,0.0,36.52,2025,9,September,Q3,0.4118
CA-2025-100980,2025-06-13,2025-06-16,Second Class,CO-59170,Customer 59170,Consumer,Detroit,Michigan,48201,Central,TEC-MA-10000980,Technology,Machines,Dymo LabelWriter 450 Turbo,1090.19,1,0.0,168.58,2025,6,June,Q2,0.1546
CA-2025-100981,2025-11-07,2025-11-10,Standard Class,HO-98055,Customer 98055,Home Office,Portland,Oregon,97201,West,TEC-PH-10000981,Technology,Phones,iPhone 15 Pro Max,4940.24,4,0.0,394.06,2025,11,November,Q4,0.0798
CA-2025-100982,2025-02-12,2025-02-13,Standard Class,CO-21453,Customer 21453,Consumer,Los Angeles,California,90036,West,OFF-AP-10000982,Office Supplies,Appliances,Krups 12-Cup Coffee Maker,314.04,3,0.0,94.35,2025,2,February,Q1,0.3004
CA-2025-100983,2025-02-28,2025-03-07,Second Class,CO-97154,Customer 97154,Consumer,Los Angeles,California,90036,West,FUR-BO-10000983,Furniture,Bookcases,Atlantic Metal 4-Shelf Bookcase,3329.4,6,0.0,1123.01,2025,2,February,Q1,0.3373
CA-2025-100984,2025-10-03,2025-10-04,Second Class,CO-16553,Customer 16553,Consumer,Phoenix,Arizona,85001,West,OFF-BI-10000984,Office Supplies,Binders,Wilson Jones Ring Binder,29.09,1,0.5,-4.9,2025,10,October,Q4,-0.1684
CA-2025-100985,2025-08-06,2025-08-09,Second Class,CO-18030,Customer 18030,Corporate,Atlanta,Georgia,30303,South,OFF-ST-10000985,Office Supplies,Storage,Fellowes Bankers Box,81.86,1,0.3,-14.52,2025,8,August,Q3,-0.1774
CA-2025-100986,2025-10-07,2025-10-11,Second Class,CO-34516,Customer 34516,Consumer,Chicago,Illinois,60611,Central,FUR-TA-10000986,Furniture,Tables,Balt Training Table,830.28,3,0.0,124.86,2025,10,October,Q4,0.1504
CA-2025-100987,2025-07-12,2025-07-16,Standard Class,CO-99591,Customer 99591,Corporate,Detroit,Michigan,48201,Central,OFF-ST-10000987,Office Supplies,Storage,Tenex File Box,15.06,2,0.2,4.49,2025,7,July,Q3,0.2981
CA-2025-100988,2025-05-27,2025-05-30,Second Class,HO-68449,Customer 68449,Home Office,Los Angeles,California,90036,West,OFF-LA-10000988,Office Supplies,Labels,Brother Label Tape,247.11,3,0.0,38.3,2025,5,May,Q2,0.155
CA-2025-100989,2025-11-27,2025-11-30,Standard Class,HO-58554,Customer 58554,Home Office,Charlotte,North Carolina,28202,South,OFF-LA-10000989,Office Supplies,Labels,Brother Label Tape,119.89,1,0.0,8.04,2025,11,November,Q4,0.0671
CA-2025-100990,2025-11-12,2025-11-15,First Class,CO-62853,Customer 62853,Consumer,Nashville,Tennessee,37203,South,OFF-AR-10000990,Office Supplies,Art,Sharpie Highlighter Set,51.51,1,0.0,9.1,2025,11,November,Q4,0.1767
CA-2025-100991,2025-10-28,2025-11-01,Standard Class,CO-96739,Customer 96739,Consumer,Boston,Massachusetts,02108,East,OFF-AR-10000991,Office Supplies,Art,Crayola Markers 8ct,26.38,2,0.0,4.88,2025,10,October,Q4,0.185
CA-2025-100992,2025-05-01,2025-05-04,Standard Class,HO-82001,Customer 82001,Home Office,Chicago,Illinois,60611,Central,FUR-FU-10000992,Furniture,Furnishings,Floor Mat,1446.55,5,0.0,457.57,2025,5,May,Q2,0.3163
CA-2025-100993,2025-09-12,2025-09-19,Standard Class,CO-72482,Customer 72482,Consumer,Chicago,Illinois,60611,Central,FUR-FU-10000993,Furniture,Furnishings,DAX Black Wood Picture Frame,278.99,1,0.0,31.65,2025,9,September,Q3,0.1134
CA-2025-100994,2025-06-21,2025-06-24,Second Class,CO-88527,Customer 88527,Corporate,Philadelphia,Pennsylvania,19104,East,OFF-LA-10000994,Office Supplies,Labels,Brother Label Tape,103.96,2,0.5,-34.42,2025,6,June,Q2,-0.3311
CA-2025-100995,2025-02-15,2025-02-18,Standard Class,HO-40597,Customer 40597,Home Office,Minneapolis,Minnesota,55401,Central,OFF-BI-10000995,Office Supplies,Binders,GBC ComboBind Spines,140.22,2,0.0,14.14,2025,2,February,Q1,0.1008
CA-2025-100996,2025-12-11,2025-12-15,Standard Class,HO-87704,Customer 87704,Home Office,Boston,Massachusetts,02108,East,OFF-PA-10000996,Office Supplies,Paper,Xerox 228 Premium Copy Paper,194.95,5,0.0,21.32,2025,12,December,Q4,0.1094
CA-2025-100997,2025-03-11,2025-03-12,Standard Class,CO-44866,Customer 44866,Corporate,Phoenix,Arizona,85001,West,OFF-AR-10000997,Office Supplies,Art,Fiskars Scissors,137.62,2,0.2,32.96,2025,3,March,Q1,0.2395
CA-2025-100998,2025-12-08,2025-12-12,Standard Class,HO-73249,Customer 73249,Home Office,Philadelphia,Pennsylvania,19104,East,TEC-MA-10000998,Technology,Machines,Dymo LabelWriter 450 Turbo,1514.69,2,0.2,467.03,2025,12,December,Q4,0.3083
CA-2025-100999,2025-07-20,2025-07-24,Standard Class,CO-35551,Customer 35551,Consumer,Chicago,Illinois,60611,Central,OFF-PA-10000999,Office Supplies,Paper,Southworth Fine Parchment Paper,98.59,1,0.0,10.61,2025,7,July,Q3,0.1076
CA-2025-100377,2025-01-16,2025-01-20,First Class,HO-66040,Customer 66040,Home Office,Miami,Florida,33101,South,OFF-PA-10000377,Office Supplies,Paper,Southworth Fine Parchment Paper,93.41,3,0.2,26.86,2025,1,January,Q1,0.2875
